Date,HomeTeam,AwayTeam,Day_Eve,Day Type,Holiday,Hol Type,Capacity,Average Travelling Fans,Cheapest Season T,Home League Position,Away League Position,Form Home,Form Away,Distance,Temperature,Weather Event,Lowest Home Ticket Price,Lowest Away Ticket Price,Home PostCode,Away PostCode,Attendance,Highest Home Ticket Price
05/08/2016,Fulham,Newcastle,?,?,?,?,?,?,?,?,?,?,?,?,?,?,?,?,?,?,?,?
06/08/2016,Birmingham,Cardiff,?,?,?,?,?,?,?,?,?,?,?,?,?,?,?,?,?,?,?,?
06/08/2016,Blackburn,Norwich City,?,?,?,?,?,?,?,?,?,?,?,?,?,?,?,?,?,?,?,?
06/08/2016,Bristol City,Wigan Athletic,?,?,?,?,?,?,?,?,?,?,?,?,?,?,?,?,?,?,?,?
06/08/2016,Derby,Brighton & Hove Albion,?,?,?,?,?,?,?,?,?,?,?,?,?,?,?,?,?,?,?,?
06/08/2016,Huddersfield,Brentford,?,?,?,?,?,?,?,?,?,?,?,?,?,?,?,?,?,?,?,?
06/08/2016,Ipswich,Barnsley,?,?,?,?,?,?,?,?,?,?,?,?,?,?,?,?,?,?,?,?
06/08/2016,Nottm Forest,Burton Albion,?,?,?,?,?,?,?,?,?,?,?,?,?,?,?,?,?,?,?,?
06/08/2016,Reading,Preston,?,?,?,?,?,?,?,?,?,?,?,?,?,?,?,?,?,?,?,?
06/08/2016,Rotherham,Wolves,?,?,?,?,?,?,?,?,?,?,?,?,?,?,?,?,?,?,?,?
07/08/2016,QPR,Leeds United,?,?,?,?,?,?,?,?,?,?,?,?,?,?,?,?,?,?,?,?
07/08/2016,Sheffield Wednesday,Aston Villa,?,?,?,?,?,?,?,?,?,?,?,?,?,?,?,?,?,?,?,?
12/08/2016,Brighton & Hove Albion,Nottm Forest,?,?,?,?,?,?,?,?,?,?,?,?,?,?,?,?,?,?,?,?
13/08/2016,Aston Villa,Rotherham,?,?,?,?,?,?,?,?,?,?,?,?,?,?,?,?,?,?,?,?
13/08/2016,Barnsley,Derby,?,?,?,?,?,?,?,?,?,?,?,?,?,?,?,?,?,?,?,?
13/08/2016,Brentford,Ipswich,?,?,?,?,?,?,?,?,?,?,?,?,?,?,?,?,?,?,?,?
13/08/2016,Burton Albion,Bristol City,?,?,?,?,?,?,?,?,?,?,?,?,?,?,?,?,?,?,?,?
13/08/2016,Leeds United,Birmingham,?,?,?,?,?,?,?,?,?,?,?,?,?,?,?,?,?,?,?,?
13/08/2016,Newcastle,Huddersfield,?,?,?,?,?,?,?,?,?,?,?,?,?,?,?,?,?,?,?,?
13/08/2016,Norwich City,Sheffield Wednesday,?,?,?,?,?,?,?,?,?,?,?,?,?,?,?,?,?,?,?,?
13/08/2016,Preston,Fulham,?,?,?,?,?,?,?,?,?,?,?,?,?,?,?,?,?,?,?,?
13/08/2016,Wigan Athletic,Blackburn,?,?,?,?,?,?,?,?,?,?,?,?,?,?,?,?,?,?,?,?
13/08/2016,Wolves,Reading,?,?,?,?,?,?,?,?,?,?,?,?,?,?,?,?,?,?,?,?
14/08/2016,Cardiff,QPR,?,?,?,?,?,?,?,?,?,?,?,?,?,?,?,?,?,?,?,?
16/08/2016,Aston Villa,Huddersfield,?,?,?,?,?,?,?,?,?,?,?,?,?,?,?,?,?,?,?,?
16/08/2016,Brentford,Nottm Forest,?,?,?,?,?,?,?,?,?,?,?,?,?,?,?,?,?,?,?,?
16/08/2016,Brighton & Hove Albion,Rotherham,?,?,?,?,?,?,?,?,?,?,?,?,?,?,?,?,?,?,?,?
16/08/2016,Burton Albion,Sheffield Wednesday,?,?,?,?,?,?,?,?,?,?,?,?,?,?,?,?,?,?,?,?
16/08/2016,Leeds United,Fulham,?,?,?,?,?,?,?,?,?,?,?,?,?,?,?,?,?,?,?,?
16/08/2016,Norwich City,Bristol City,?,?,?,?,?,?,?,?,?,?,?,?,?,?,?,?,?,?,?,?
16/08/2016,Preston,Derby,?,?,?,?,?,?,?,?,?,?,?,?,?,?,?,?,?,?,?,?
16/08/2016,Wigan Athletic,Birmingham,?,?,?,?,?,?,?,?,?,?,?,?,?,?,?,?,?,?,?,?
16/08/2016,Wolves,Ipswich,?,?,?,?,?,?,?,?,?,?,?,?,?,?,?,?,?,?,?,?
17/08/2016,Barnsley,QPR,?,?,?,?,?,?,?,?,?,?,?,?,?,?,?,?,?,?,?,?
17/08/2016,Cardiff,Blackburn,?,?,?,?,?,?,?,?,?,?,?,?,?,?,?,?,?,?,?,?
17/08/2016,Newcastle,Reading,?,?,?,?,?,?,?,?,?,?,?,?,?,?,?,?,?,?,?,?
20/08/2016,Birmingham,Wolves,?,?,?,?,?,?,?,?,?,?,?,?,?,?,?,?,?,?,?,?
20/08/2016,Blackburn,Burton Albion,?,?,?,?,?,?,?,?,?,?,?,?,?,?,?,?,?,?,?,?
20/08/2016,Bristol City,Newcastle,?,?,?,?,?,?,?,?,?,?,?,?,?,?,?,?,?,?,?,?
20/08/2016,Derby,Aston Villa,?,?,?,?,?,?,?,?,?,?,?,?,?,?,?,?,?,?,?,?
20/08/2016,Fulham,Cardiff,?,?,?,?,?,?,?,?,?,?,?,?,?,?,?,?,?,?,?,?
20/08/2016,Huddersfield,Barnsley,?,?,?,?,?,?,?,?,?,?,?,?,?,?,?,?,?,?,?,?
20/08/2016,Nottm Forest,Wigan Athletic,?,?,?,?,?,?,?,?,?,?,?,?,?,?,?,?,?,?,?,?
20/08/2016,QPR,Preston,?,?,?,?,?,?,?,?,?,?,?,?,?,?,?,?,?,?,?,?
20/08/2016,Reading,Brighton & Hove Albion,?,?,?,?,?,?,?,?,?,?,?,?,?,?,?,?,?,?,?,?
20/08/2016,Rotherham,Brentford,?,?,?,?,?,?,?,?,?,?,?,?,?,?,?,?,?,?,?,?
20/08/2016,Sheffield Wednesday,Leeds United,?,?,?,?,?,?,?,?,?,?,?,?,?,?,?,?,?,?,?,?
21/08/2016,Ipswich,Norwich City,?,?,?,?,?,?,?,?,?,?,?,?,?,?,?,?,?,?,?,?
26/08/2016,Burton Albion,Derby,?,?,?,?,?,?,?,?,?,?,?,?,?,?,?,?,?,?,?,?
27/08/2016,Barnsley,Rotherham,?,?,?,?,?,?,?,?,?,?,?,?,?,?,?,?,?,?,?,?
27/08/2016,Birmingham,Norwich City,?,?,?,?,?,?,?,?,?,?,?,?,?,?,?,?,?,?,?,?
27/08/2016,Blackburn,Fulham,?,?,?,?,?,?,?,?,?,?,?,?,?,?,?,?,?,?,?,?
27/08/2016,Brentford,Sheffield Wednesday,?,?,?,?,?,?,?,?,?,?,?,?,?,?,?,?,?,?,?,?
27/08/2016,Bristol City,Aston Villa,?,?,?,?,?,?,?,?,?,?,?,?,?,?,?,?,?,?,?,?
27/08/2016,Cardiff,Reading,?,?,?,?,?,?,?,?,?,?,?,?,?,?,?,?,?,?,?,?
27/08/2016,Huddersfield,Wolves,?,?,?,?,?,?,?,?,?,?,?,?,?,?,?,?,?,?,?,?
27/08/2016,Ipswich,Preston,?,?,?,?,?,?,?,?,?,?,?,?,?,?,?,?,?,?,?,?
27/08/2016,Newcastle,Brighton & Hove Albion,?,?,?,?,?,?,?,?,?,?,?,?,?,?,?,?,?,?,?,?
27/08/2016,Nottm Forest,Leeds United,?,?,?,?,?,?,?,?,?,?,?,?,?,?,?,?,?,?,?,?
27/08/2016,Wigan Athletic,QPR,?,?,?,?,?,?,?,?,?,?,?,?,?,?,?,?,?,?,?,?
09/09/2016,Reading,Ipswich,?,?,?,?,?,?,?,?,?,?,?,?,?,?,?,?,?,?,?,?
10/09/2016,Brighton & Hove Albion,Brentford,?,?,?,?,?,?,?,?,?,?,?,?,?,?,?,?,?,?,?,?
10/09/2016,Derby,Newcastle,?,?,?,?,?,?,?,?,?,?,?,?,?,?,?,?,?,?,?,?
10/09/2016,Fulham,Birmingham,?,?,?,?,?,?,?,?,?,?,?,?,?,?,?,?,?,?,?,?
10/09/2016,Leeds United,Huddersfield,?,?,?,?,?,?,?,?,?,?,?,?,?,?,?,?,?,?,?,?
10/09/2016,Norwich City,Cardiff,?,?,?,?,?,?,?,?,?,?,?,?,?,?,?,?,?,?,?,?
10/09/2016,Preston,Barnsley,?,?,?,?,?,?,?,?,?,?,?,?,?,?,?,?,?,?,?,?
10/09/2016,QPR,Blackburn,?,?,?,?,?,?,?,?,?,?,?,?,?,?,?,?,?,?,?,?
10/09/2016,Rotherham,Bristol City,?,?,?,?,?,?,?,?,?,?,?,?,?,?,?,?,?,?,?,?
10/09/2016,Sheffield Wednesday,Wigan Athletic,?,?,?,?,?,?,?,?,?,?,?,?,?,?,?,?,?,?,?,?
10/09/2016,Wolves,Burton Albion,?,?,?,?,?,?,?,?,?,?,?,?,?,?,?,?,?,?,?,?
11/09/2016,Aston Villa,Nottm Forest,?,?,?,?,?,?,?,?,?,?,?,?,?,?,?,?,?,?,?,?
13/09/2016,Brighton & Hove Albion,Huddersfield,?,?,?,?,?,?,?,?,?,?,?,?,?,?,?,?,?,?,?,?
13/09/2016,Derby,Ipswich,?,?,?,?,?,?,?,?,?,?,?,?,?,?,?,?,?,?,?,?
13/09/2016,Fulham,Burton Albion,?,?,?,?,?,?,?,?,?,?,?,?,?,?,?,?,?,?,?,?
13/09/2016,Leeds United,Blackburn,?,?,?,?,?,?,?,?,?,?,?,?,?,?,?,?,?,?,?,?
13/09/2016,Norwich City,Wigan Athletic,?,?,?,?,?,?,?,?,?,?,?,?,?,?,?,?,?,?,?,?
13/09/2016,Preston,Cardiff,?,?,?,?,?,?,?,?,?,?,?,?,?,?,?,?,?,?,?,?
13/09/2016,QPR,Newcastle,?,?,?,?,?,?,?,?,?,?,?,?,?,?,?,?,?,?,?,?
13/09/2016,Reading,Birmingham,?,?,?,?,?,?,?,?,?,?,?,?,?,?,?,?,?,?,?,?
13/09/2016,Sheffield Wednesday,Bristol City,?,?,?,?,?,?,?,?,?,?,?,?,?,?,?,?,?,?,?,?
13/09/2016,Wolves,Barnsley,?,?,?,?,?,?,?,?,?,?,?,?,?,?,?,?,?,?,?,?
14/09/2016,Aston Villa,Brentford,?,?,?,?,?,?,?,?,?,?,?,?,?,?,?,?,?,?,?,?
14/09/2016,Rotherham,Nottm Forest,?,?,?,?,?,?,?,?,?,?,?,?,?,?,?,?,?,?,?,?
17/09/2016,Barnsley,Reading,?,?,?,?,?,?,?,?,?,?,?,?,?,?,?,?,?,?,?,?
17/09/2016,Birmingham,Sheffield Wednesday,?,?,?,?,?,?,?,?,?,?,?,?,?,?,?,?,?,?,?,?
17/09/2016,Blackburn,Rotherham,?,?,?,?,?,?,?,?,?,?,?,?,?,?,?,?,?,?,?,?
17/09/2016,Brentford,Preston,?,?,?,?,?,?,?,?,?,?,?,?,?,?,?,?,?,?,?,?
17/09/2016,Bristol City,Derby,?,?,?,?,?,?,?,?,?,?,?,?,?,?,?,?,?,?,?,?
17/09/2016,Burton Albion,Brighton & Hove Albion,?,?,?,?,?,?,?,?,?,?,?,?,?,?,?,?,?,?,?,?
17/09/2016,Cardiff,Leeds United,?,?,?,?,?,?,?,?,?,?,?,?,?,?,?,?,?,?,?,?
17/09/2016,Huddersfield,QPR,?,?,?,?,?,?,?,?,?,?,?,?,?,?,?,?,?,?,?,?
17/09/2016,Ipswich,Aston Villa,?,?,?,?,?,?,?,?,?,?,?,?,?,?,?,?,?,?,?,?
17/09/2016,Newcastle,Wolves,?,?,?,?,?,?,?,?,?,?,?,?,?,?,?,?,?,?,?,?
17/09/2016,Nottm Forest,Norwich City,?,?,?,?,?,?,?,?,?,?,?,?,?,?,?,?,?,?,?,?
17/09/2016,Wigan Athletic,Fulham,?,?,?,?,?,?,?,?,?,?,?,?,?,?,?,?,?,?,?,?
23/09/2016,Preston,Wigan Athletic,?,?,?,?,?,?,?,?,?,?,?,?,?,?,?,?,?,?,?,?
24/09/2016,Aston Villa,Newcastle,?,?,?,?,?,?,?,?,?,?,?,?,?,?,?,?,?,?,?,?
24/09/2016,Brighton & Hove Albion,Barnsley,?,?,?,?,?,?,?,?,?,?,?,?,?,?,?,?,?,?,?,?
24/09/2016,Derby,Blackburn,?,?,?,?,?,?,?,?,?,?,?,?,?,?,?,?,?,?,?,?
24/09/2016,Fulham,Bristol City,?,?,?,?,?,?,?,?,?,?,?,?,?,?,?,?,?,?,?,?
24/09/2016,Leeds United,Ipswich,?,?,?,?,?,?,?,?,?,?,?,?,?,?,?,?,?,?,?,?
24/09/2016,Norwich City,Burton Albion,?,?,?,?,?,?,?,?,?,?,?,?,?,?,?,?,?,?,?,?
24/09/2016,QPR,Birmingham,?,?,?,?,?,?,?,?,?,?,?,?,?,?,?,?,?,?,?,?
24/09/2016,Reading,Huddersfield,?,?,?,?,?,?,?,?,?,?,?,?,?,?,?,?,?,?,?,?
24/09/2016,Rotherham,Cardiff,?,?,?,?,?,?,?,?,?,?,?,?,?,?,?,?,?,?,?,?
24/09/2016,Sheffield Wednesday,Nottm Forest,?,?,?,?,?,?,?,?,?,?,?,?,?,?,?,?,?,?,?,?
24/09/2016,Wolves,Brentford,?,?,?,?,?,?,?,?,?,?,?,?,?,?,?,?,?,?,?,?
27/09/2016,Barnsley,Aston Villa,?,?,?,?,?,?,?,?,?,?,?,?,?,?,?,?,?,?,?,?
27/09/2016,Birmingham,Preston,?,?,?,?,?,?,?,?,?,?,?,?,?,?,?,?,?,?,?,?
27/09/2016,Blackburn,Sheffield Wednesday,?,?,?,?,?,?,?,?,?,?,?,?,?,?,?,?,?,?,?,?
27/09/2016,Brentford,Reading,?,?,?,?,?,?,?,?,?,?,?,?,?,?,?,?,?,?,?,?
27/09/2016,Bristol City,Leeds United,?,?,?,?,?,?,?,?,?,?,?,?,?,?,?,?,?,?,?,?
27/09/2016,Burton Albion,QPR,?,?,?,?,?,?,?,?,?,?,?,?,?,?,?,?,?,?,?,?
27/09/2016,Cardiff,Derby,?,?,?,?,?,?,?,?,?,?,?,?,?,?,?,?,?,?,?,?
27/09/2016,Huddersfield,Rotherham,?,?,?,?,?,?,?,?,?,?,?,?,?,?,?,?,?,?,?,?
27/09/2016,Ipswich,Brighton & Hove Albion,?,?,?,?,?,?,?,?,?,?,?,?,?,?,?,?,?,?,?,?
27/09/2016,Nottm Forest,Fulham,?,?,?,?,?,?,?,?,?,?,?,?,?,?,?,?,?,?,?,?
27/09/2016,Wigan Athletic,Wolves,?,?,?,?,?,?,?,?,?,?,?,?,?,?,?,?,?,?,?,?
28/09/2016,Newcastle,Norwich City,?,?,?,?,?,?,?,?,?,?,?,?,?,?,?,?,?,?,?,?
01/10/2016,Birmingham,Blackburn,?,?,?,?,?,?,?,?,?,?,?,?,?,?,?,?,?,?,?,?
01/10/2016,Brentford,Wigan Athletic,?,?,?,?,?,?,?,?,?,?,?,?,?,?,?,?,?,?,?,?
01/10/2016,Bristol City,Nottm Forest,?,?,?,?,?,?,?,?,?,?,?,?,?,?,?,?,?,?,?,?
01/10/2016,Burton Albion,Cardiff,?,?,?,?,?,?,?,?,?,?,?,?,?,?,?,?,?,?,?,?
01/10/2016,Fulham,QPR,?,?,?,?,?,?,?,?,?,?,?,?,?,?,?,?,?,?,?,?
01/10/2016,Ipswich,Huddersfield,?,?,?,?,?,?,?,?,?,?,?,?,?,?,?,?,?,?,?,?
01/10/2016,Leeds United,Barnsley,?,?,?,?,?,?,?,?,?,?,?,?,?,?,?,?,?,?,?,?
01/10/2016,Preston,Aston Villa,?,?,?,?,?,?,?,?,?,?,?,?,?,?,?,?,?,?,?,?
01/10/2016,Reading,Derby,?,?,?,?,?,?,?,?,?,?,?,?,?,?,?,?,?,?,?,?
01/10/2016,Rotherham,Newcastle,?,?,?,?,?,?,?,?,?,?,?,?,?,?,?,?,?,?,?,?
01/10/2016,Sheffield Wednesday,Brighton & Hove Albion,?,?,?,?,?,?,?,?,?,?,?,?,?,?,?,?,?,?,?,?
01/10/2016,Wolves,Norwich City,?,?,?,?,?,?,?,?,?,?,?,?,?,?,?,?,?,?,?,?
14/10/2016,Cardiff,Bristol City,?,?,?,?,?,?,?,?,?,?,?,?,?,?,?,?,?,?,?,?
14/10/2016,Nottm Forest,Birmingham,?,?,?,?,?,?,?,?,?,?,?,?,?,?,?,?,?,?,?,?
15/10/2016,Aston Villa,Wolves,?,?,?,?,?,?,?,?,?,?,?,?,?,?,?,?,?,?,?,?
15/10/2016,Barnsley,Fulham,?,?,?,?,?,?,?,?,?,?,?,?,?,?,?,?,?,?,?,?
15/10/2016,Blackburn,Ipswich,?,?,?,?,?,?,?,?,?,?,?,?,?,?,?,?,?,?,?,?
15/10/2016,Brighton & Hove Albion,Preston,?,?,?,?,?,?,?,?,?,?,?,?,?,?,?,?,?,?,?,?
15/10/2016,Derby,Leeds United,?,?,?,?,?,?,?,?,?,?,?,?,?,?,?,?,?,?,?,?
15/10/2016,Newcastle,Brentford,?,?,?,?,?,?,?,?,?,?,?,?,?,?,?,?,?,?,?,?
15/10/2016,Norwich City,Rotherham,?,?,?,?,?,?,?,?,?,?,?,?,?,?,?,?,?,?,?,?
15/10/2016,QPR,Reading,?,?,?,?,?,?,?,?,?,?,?,?,?,?,?,?,?,?,?,?
15/10/2016,Wigan Athletic,Burton Albion,?,?,?,?,?,?,?,?,?,?,?,?,?,?,?,?,?,?,?,?
16/10/2016,Huddersfield,Sheffield Wednesday,?,?,?,?,?,?,?,?,?,?,?,?,?,?,?,?,?,?,?,?
18/10/2016,Barnsley,Newcastle,?,?,?,?,?,?,?,?,?,?,?,?,?,?,?,?,?,?,?,?
18/10/2016,Birmingham,Rotherham,?,?,?,?,?,?,?,?,?,?,?,?,?,?,?,?,?,?,?,?
18/10/2016,Blackburn,Nottm Forest,?,?,?,?,?,?,?,?,?,?,?,?,?,?,?,?,?,?,?,?
18/10/2016,Brighton & Hove Albion,Wolves,?,?,?,?,?,?,?,?,?,?,?,?,?,?,?,?,?,?,?,?
18/10/2016,Derby,Brentford,?,?,?,?,?,?,?,?,?,?,?,?,?,?,?,?,?,?,?,?
18/10/2016,Fulham,Norwich City,?,?,?,?,?,?,?,?,?,?,?,?,?,?,?,?,?,?,?,?
18/10/2016,Ipswich,Burton Albion,?,?,?,?,?,?,?,?,?,?,?,?,?,?,?,?,?,?,?,?
18/10/2016,Leeds United,Wigan Athletic,?,?,?,?,?,?,?,?,?,?,?,?,?,?,?,?,?,?,?,?
18/10/2016,QPR,Bristol City,?,?,?,?,?,?,?,?,?,?,?,?,?,?,?,?,?,?,?,?
18/10/2016,Reading,Aston Villa,?,?,?,?,?,?,?,?,?,?,?,?,?,?,?,?,?,?,?,?
19/10/2016,Cardiff,Sheffield Wednesday,?,?,?,?,?,?,?,?,?,?,?,?,?,?,?,?,?,?,?,?
19/10/2016,Preston,Huddersfield,?,?,?,?,?,?,?,?,?,?,?,?,?,?,?,?,?,?,?,?
21/10/2016,Burton Albion,Birmingham,?,?,?,?,?,?,?,?,?,?,?,?,?,?,?,?,?,?,?,?
22/10/2016,Aston Villa,Fulham,?,?,?,?,?,?,?,?,?,?,?,?,?,?,?,?,?,?,?,?
22/10/2016,Brentford,Barnsley,?,?,?,?,?,?,?,?,?,?,?,?,?,?,?,?,?,?,?,?
22/10/2016,Bristol City,Blackburn,?,?,?,?,?,?,?,?,?,?,?,?,?,?,?,?,?,?,?,?
22/10/2016,Huddersfield,Derby,?,?,?,?,?,?,?,?,?,?,?,?,?,?,?,?,?,?,?,?
22/10/2016,Newcastle,Ipswich,?,?,?,?,?,?,?,?,?,?,?,?,?,?,?,?,?,?,?,?
22/10/2016,Norwich City,Preston,?,?,?,?,?,?,?,?,?,?,?,?,?,?,?,?,?,?,?,?
22/10/2016,Nottm Forest,Cardiff,?,?,?,?,?,?,?,?,?,?,?,?,?,?,?,?,?,?,?,?
22/10/2016,Rotherham,Reading,?,?,?,?,?,?,?,?,?,?,?,?,?,?,?,?,?,?,?,?
22/10/2016,Sheffield Wednesday,QPR,?,?,?,?,?,?,?,?,?,?,?,?,?,?,?,?,?,?,?,?
22/10/2016,Wigan Athletic,Brighton & Hove Albion,?,?,?,?,?,?,?,?,?,?,?,?,?,?,?,?,?,?,?,?
22/10/2016,Wolves,Leeds United,?,?,?,?,?,?,?,?,?,?,?,?,?,?,?,?,?,?,?,?
28/10/2016,QPR,Brentford,?,?,?,?,?,?,?,?,?,?,?,?,?,?,?,?,?,?,?,?
29/10/2016,Barnsley,Bristol City,?,?,?,?,?,?,?,?,?,?,?,?,?,?,?,?,?,?,?,?
29/10/2016,Blackburn,Wolves,?,?,?,?,?,?,?,?,?,?,?,?,?,?,?,?,?,?,?,?
29/10/2016,Brighton & Hove Albion,Norwich City,?,?,?,?,?,?,?,?,?,?,?,?,?,?,?,?,?,?,?,?
29/10/2016,Cardiff,Wigan Athletic,?,?,?,?,?,?,?,?,?,?,?,?,?,?,?,?,?,?,?,?
29/10/2016,Derby,Sheffield Wednesday,?,?,?,?,?,?,?,?,?,?,?,?,?,?,?,?,?,?,?,?
29/10/2016,Fulham,Huddersfield,?,?,?,?,?,?,?,?,?,?,?,?,?,?,?,?,?,?,?,?
29/10/2016,Ipswich,Rotherham,?,?,?,?,?,?,?,?,?,?,?,?,?,?,?,?,?,?,?,?
29/10/2016,Leeds United,Burton Albion,?,?,?,?,?,?,?,?,?,?,?,?,?,?,?,?,?,?,?,?
29/10/2016,Preston,Newcastle,?,?,?,?,?,?,?,?,?,?,?,?,?,?,?,?,?,?,?,?
29/10/2016,Reading,Nottm Forest,?,?,?,?,?,?,?,?,?,?,?,?,?,?,?,?,?,?,?,?
30/10/2016,Birmingham,Aston Villa,?,?,?,?,?,?,?,?,?,?,?,?,?,?,?,?,?,?,?,?
04/11/2016,Brentford,Fulham,?,?,?,?,?,?,?,?,?,?,?,?,?,?,?,?,?,?,?,?
05/11/2016,Aston Villa,Blackburn,?,?,?,?,?,?,?,?,?,?,?,?,?,?,?,?,?,?,?,?
05/11/2016,Bristol City,Brighton & Hove Albion,?,?,?,?,?,?,?,?,?,?,?,?,?,?,?,?,?,?,?,?
05/11/2016,Burton Albion,Barnsley,?,?,?,?,?,?,?,?,?,?,?,?,?,?,?,?,?,?,?,?
05/11/2016,Huddersfield,Birmingham,?,?,?,?,?,?,?,?,?,?,?,?,?,?,?,?,?,?,?,?
05/11/2016,Newcastle,Cardiff,?,?,?,?,?,?,?,?,?,?,?,?,?,?,?,?,?,?,?,?
05/11/2016,Norwich City,Leeds United,?,?,?,?,?,?,?,?,?,?,?,?,?,?,?,?,?,?,?,?
05/11/2016,Nottm Forest,QPR,?,?,?,?,?,?,?,?,?,?,?,?,?,?,?,?,?,?,?,?
05/11/2016,Rotherham,Preston,?,?,?,?,?,?,?,?,?,?,?,?,?,?,?,?,?,?,?,?
05/11/2016,Sheffield Wednesday,Ipswich,?,?,?,?,?,?,?,?,?,?,?,?,?,?,?,?,?,?,?,?
05/11/2016,Wigan Athletic,Reading,?,?,?,?,?,?,?,?,?,?,?,?,?,?,?,?,?,?,?,?
05/11/2016,Wolves,Derby,?,?,?,?,?,?,?,?,?,?,?,?,?,?,?,?,?,?,?,?
18/11/2016,Brighton & Hove Albion,Aston Villa,?,?,?,?,?,?,?,?,?,?,?,?,?,?,?,?,?,?,?,?
19/11/2016,Barnsley,Wigan Athletic,?,?,?,?,?,?,?,?,?,?,?,?,?,?,?,?,?,?,?,?
19/11/2016,Birmingham,Bristol City,?,?,?,?,?,?,?,?,?,?,?,?,?,?,?,?,?,?,?,?
19/11/2016,Blackburn,Brentford,?,?,?,?,?,?,?,?,?,?,?,?,?,?,?,?,?,?,?,?
19/11/2016,Cardiff,Huddersfield,?,?,?,?,?,?,?,?,?,?,?,?,?,?,?,?,?,?,?,?
19/11/2016,Derby,Rotherham,?,?,?,?,?,?,?,?,?,?,?,?,?,?,?,?,?,?,?,?
19/11/2016,Fulham,Sheffield Wednesday,?,?,?,?,?,?,?,?,?,?,?,?,?,?,?,?,?,?,?,?
19/11/2016,Ipswich,Nottm Forest,?,?,?,?,?,?,?,?,?,?,?,?,?,?,?,?,?,?,?,?
19/11/2016,Preston,Wolves,?,?,?,?,?,?,?,?,?,?,?,?,?,?,?,?,?,?,?,?
19/11/2016,QPR,Norwich City,?,?,?,?,?,?,?,?,?,?,?,?,?,?,?,?,?,?,?,?
19/11/2016,Reading,Burton Albion,?,?,?,?,?,?,?,?,?,?,?,?,?,?,?,?,?,?,?,?
20/11/2016,Leeds United,Newcastle,?,?,?,?,?,?,?,?,?,?,?,?,?,?,?,?,?,?,?,?
25/11/2016,Barnsley,Nottm Forest,?,?,?,?,?,?,?,?,?,?,?,?,?,?,?,?,?,?,?,?
26/11/2016,Aston Villa,Cardiff,?,?,?,?,?,?,?,?,?,?,?,?,?,?,?,?,?,?,?,?
26/11/2016,Brentford,Birmingham,?,?,?,?,?,?,?,?,?,?,?,?,?,?,?,?,?,?,?,?
26/11/2016,Brighton & Hove Albion,Fulham,?,?,?,?,?,?,?,?,?,?,?,?,?,?,?,?,?,?,?,?
26/11/2016,Derby,Norwich City,?,?,?,?,?,?,?,?,?,?,?,?,?,?,?,?,?,?,?,?
26/11/2016,Ipswich,QPR,?,?,?,?,?,?,?,?,?,?,?,?,?,?,?,?,?,?,?,?
26/11/2016,Newcastle,Blackburn,?,?,?,?,?,?,?,?,?,?,?,?,?,?,?,?,?,?,?,?
26/11/2016,Preston,Burton Albion,?,?,?,?,?,?,?,?,?,?,?,?,?,?,?,?,?,?,?,?
26/11/2016,Reading,Bristol City,?,?,?,?,?,?,?,?,?,?,?,?,?,?,?,?,?,?,?,?
26/11/2016,Rotherham,Leeds United,?,?,?,?,?,?,?,?,?,?,?,?,?,?,?,?,?,?,?,?
26/11/2016,Wolves,Sheffield Wednesday,?,?,?,?,?,?,?,?,?,?,?,?,?,?,?,?,?,?,?,?
28/11/2016,Huddersfield,Wigan Athletic,?,?,?,?,?,?,?,?,?,?,?,?,?,?,?,?,?,?,?,?
01/12/2016,QPR,Wolves,?,?,?,?,?,?,?,?,?,?,?,?,?,?,?,?,?,?,?,?
02/12/2016,Nottm Forest,Newcastle,?,?,?,?,?,?,?,?,?,?,?,?,?,?,?,?,?,?,?,?
03/12/2016,Birmingham,Barnsley,?,?,?,?,?,?,?,?,?,?,?,?,?,?,?,?,?,?,?,?
03/12/2016,Blackburn,Huddersfield,?,?,?,?,?,?,?,?,?,?,?,?,?,?,?,?,?,?,?,?
03/12/2016,Bristol City,Ipswich,?,?,?,?,?,?,?,?,?,?,?,?,?,?,?,?,?,?,?,?
03/12/2016,Burton Albion,Rotherham,?,?,?,?,?,?,?,?,?,?,?,?,?,?,?,?,?,?,?,?
03/12/2016,Cardiff,Brighton & Hove Albion,?,?,?,?,?,?,?,?,?,?,?,?,?,?,?,?,?,?,?,?
03/12/2016,Fulham,Reading,?,?,?,?,?,?,?,?,?,?,?,?,?,?,?,?,?,?,?,?
03/12/2016,Leeds United,Aston Villa,?,?,?,?,?,?,?,?,?,?,?,?,?,?,?,?,?,?,?,?
03/12/2016,Norwich City,Brentford,?,?,?,?,?,?,?,?,?,?,?,?,?,?,?,?,?,?,?,?
03/12/2016,Sheffield Wednesday,Preston,?,?,?,?,?,?,?,?,?,?,?,?,?,?,?,?,?,?,?,?
03/12/2016,Wigan Athletic,Derby,?,?,?,?,?,?,?,?,?,?,?,?,?,?,?,?,?,?,?,?
09/12/2016,Brighton & Hove Albion,Leeds United,?,?,?,?,?,?,?,?,?,?,?,?,?,?,?,?,?,?,?,?
10/12/2016,Aston Villa,Wigan Athletic,?,?,?,?,?,?,?,?,?,?,?,?,?,?,?,?,?,?,?,?
10/12/2016,Barnsley,Norwich City,?,?,?,?,?,?,?,?,?,?,?,?,?,?,?,?,?,?,?,?
10/12/2016,Brentford,Burton Albion,?,?,?,?,?,?,?,?,?,?,?,?,?,?,?,?,?,?,?,?
10/12/2016,Huddersfield,Bristol City,?,?,?,?,?,?,?,?,?,?,?,?,?,?,?,?,?,?,?,?
10/12/2016,Ipswich,Cardiff,?,?,?,?,?,?,?,?,?,?,?,?,?,?,?,?,?,?,?,?
10/12/2016,Newcastle,Birmingham,?,?,?,?,?,?,?,?,?,?,?,?,?,?,?,?,?,?,?,?
10/12/2016,Preston,Blackburn,?,?,?,?,?,?,?,?,?,?,?,?,?,?,?,?,?,?,?,?
10/12/2016,Reading,Sheffield Wednesday,?,?,?,?,?,?,?,?,?,?,?,?,?,?,?,?,?,?,?,?
10/12/2016,Rotherham,QPR,?,?,?,?,?,?,?,?,?,?,?,?,?,?,?,?,?,?,?,?
10/12/2016,Wolves,Fulham,?,?,?,?,?,?,?,?,?,?,?,?,?,?,?,?,?,?,?,?
11/12/2016,Derby,Nottm Forest,?,?,?,?,?,?,?,?,?,?,?,?,?,?,?,?,?,?,?,?
13/12/2016,Birmingham,Ipswich,?,?,?,?,?,?,?,?,?,?,?,?,?,?,?,?,?,?,?,?
13/12/2016,Blackburn,Brighton & Hove Albion,?,?,?,?,?,?,?,?,?,?,?,?,?,?,?,?,?,?,?,?
13/12/2016,Bristol City,Brentford,?,?,?,?,?,?,?,?,?,?,?,?,?,?,?,?,?,?,?,?
13/12/2016,Burton Albion,Huddersfield,?,?,?,?,?,?,?,?,?,?,?,?,?,?,?,?,?,?,?,?
13/12/2016,Cardiff,Wolves,?,?,?,?,?,?,?,?,?,?,?,?,?,?,?,?,?,?,?,?
13/12/2016,Fulham,Rotherham,?,?,?,?,?,?,?,?,?,?,?,?,?,?,?,?,?,?,?,?
13/12/2016,Leeds United,Reading,?,?,?,?,?,?,?,?,?,?,?,?,?,?,?,?,?,?,?,?
13/12/2016,Norwich City,Aston Villa,?,?,?,?,?,?,?,?,?,?,?,?,?,?,?,?,?,?,?,?
13/12/2016,Sheffield Wednesday,Barnsley,?,?,?,?,?,?,?,?,?,?,?,?,?,?,?,?,?,?,?,?
14/12/2016,Nottm Forest,Preston,?,?,?,?,?,?,?,?,?,?,?,?,?,?,?,?,?,?,?,?
14/12/2016,QPR,Derby,?,?,?,?,?,?,?,?,?,?,?,?,?,?,?,?,?,?,?,?
14/12/2016,Wigan Athletic,Newcastle,?,?,?,?,?,?,?,?,?,?,?,?,?,?,?,?,?,?,?,?
16/12/2016,Norwich City,Huddersfield,?,?,?,?,?,?,?,?,?,?,?,?,?,?,?,?,?,?,?,?
17/12/2016,Birmingham,Brighton & Hove Albion,?,?,?,?,?,?,?,?,?,?,?,?,?,?,?,?,?,?,?,?
17/12/2016,Blackburn,Reading,?,?,?,?,?,?,?,?,?,?,?,?,?,?,?,?,?,?,?,?
17/12/2016,Bristol City,Preston,?,?,?,?,?,?,?,?,?,?,?,?,?,?,?,?,?,?,?,?
17/12/2016,Burton Albion,Newcastle,?,?,?,?,?,?,?,?,?,?,?,?,?,?,?,?,?,?,?,?
17/12/2016,Cardiff,Barnsley,?,?,?,?,?,?,?,?,?,?,?,?,?,?,?,?,?,?,?,?
17/12/2016,Fulham,Derby,?,?,?,?,?,?,?,?,?,?,?,?,?,?,?,?,?,?,?,?
17/12/2016,Leeds United,Brentford,?,?,?,?,?,?,?,?,?,?,?,?,?,?,?,?,?,?,?,?
17/12/2016,Nottm Forest,Wolves,?,?,?,?,?,?,?,?,?,?,?,?,?,?,?,?,?,?,?,?
17/12/2016,Sheffield Wednesday,Rotherham,?,?,?,?,?,?,?,?,?,?,?,?,?,?,?,?,?,?,?,?
17/12/2016,Wigan Athletic,Ipswich,?,?,?,?,?,?,?,?,?,?,?,?,?,?,?,?,?,?,?,?
18/12/2016,QPR,Aston Villa,?,?,?,?,?,?,?,?,?,?,?,?,?,?,?,?,?,?,?,?
26/12/2016,Aston Villa,Burton Albion,?,?,?,?,?,?,?,?,?,?,?,?,?,?,?,?,?,?,?,?
26/12/2016,Barnsley,Blackburn,?,?,?,?,?,?,?,?,?,?,?,?,?,?,?,?,?,?,?,?
26/12/2016,Brentford,Cardiff,?,?,?,?,?,?,?,?,?,?,?,?,?,?,?,?,?,?,?,?
26/12/2016,Huddersfield,Nottm Forest,?,?,?,?,?,?,?,?,?,?,?,?,?,?,?,?,?,?,?,?
26/12/2016,Ipswich,Fulham,?,?,?,?,?,?,?,?,?,?,?,?,?,?,?,?,?,?,?,?
26/12/2016,Newcastle,Sheffield Wednesday,?,?,?,?,?,?,?,?,?,?,?,?,?,?,?,?,?,?,?,?
26/12/2016,Preston,Leeds United,?,?,?,?,?,?,?,?,?,?,?,?,?,?,?,?,?,?,?,?
26/12/2016,Reading,Norwich City,?,?,?,?,?,?,?,?,?,?,?,?,?,?,?,?,?,?,?,?
26/12/2016,Rotherham,Wigan Athletic,?,?,?,?,?,?,?,?,?,?,?,?,?,?,?,?,?,?,?,?
26/12/2016,Wolves,Bristol City,?,?,?,?,?,?,?,?,?,?,?,?,?,?,?,?,?,?,?,?
27/12/2016,Brighton & Hove Albion,QPR,?,?,?,?,?,?,?,?,?,?,?,?,?,?,?,?,?,?,?,?
27/12/2016,Derby,Birmingham,?,?,?,?,?,?,?,?,?,?,?,?,?,?,?,?,?,?,?,?
29/12/2016,Aston Villa,Leeds United,?,?,?,?,?,?,?,?,?,?,?,?,?,?,?,?,?,?,?,?
29/12/2016,Rotherham,Burton Albion,?,?,?,?,?,?,?,?,?,?,?,?,?,?,?,?,?,?,?,?
30/12/2016,Ipswich,Bristol City,?,?,?,?,?,?,?,?,?,?,?,?,?,?,?,?,?,?,?,?
30/12/2016,Newcastle,Nottm Forest,?,?,?,?,?,?,?,?,?,?,?,?,?,?,?,?,?,?,?,?
31/12/2016,Barnsley,Birmingham,?,?,?,?,?,?,?,?,?,?,?,?,?,?,?,?,?,?,?,?
31/12/2016,Brentford,Norwich City,?,?,?,?,?,?,?,?,?,?,?,?,?,?,?,?,?,?,?,?
31/12/2016,Derby,Wigan Athletic,?,?,?,?,?,?,?,?,?,?,?,?,?,?,?,?,?,?,?,?
31/12/2016,Huddersfield,Blackburn,?,?,?,?,?,?,?,?,?,?,?,?,?,?,?,?,?,?,?,?
31/12/2016,Preston,Sheffield Wednesday,?,?,?,?,?,?,?,?,?,?,?,?,?,?,?,?,?,?,?,?
31/12/2016,Wolves,QPR,?,?,?,?,?,?,?,?,?,?,?,?,?,?,?,?,?,?,?,?
02/01/2017,Birmingham,Brentford,?,?,?,?,?,?,?,?,?,?,?,?,?,?,?,?,?,?,?,?
02/01/2017,Blackburn,Newcastle,?,?,?,?,?,?,?,?,?,?,?,?,?,?,?,?,?,?,?,?
02/01/2017,Bristol City,Reading,?,?,?,?,?,?,?,?,?,?,?,?,?,?,?,?,?,?,?,?
02/01/2017,Burton Albion,Preston,?,?,?,?,?,?,?,?,?,?,?,?,?,?,?,?,?,?,?,?
02/01/2017,Cardiff,Aston Villa,?,?,?,?,?,?,?,?,?,?,?,?,?,?,?,?,?,?,?,?
02/01/2017,Fulham,Brighton & Hove Albion,?,?,?,?,?,?,?,?,?,?,?,?,?,?,?,?,?,?,?,?
02/01/2017,Leeds United,Rotherham,?,?,?,?,?,?,?,?,?,?,?,?,?,?,?,?,?,?,?,?
02/01/2017,Norwich City,Derby,?,?,?,?,?,?,?,?,?,?,?,?,?,?,?,?,?,?,?,?
02/01/2017,Nottm Forest,Barnsley,?,?,?,?,?,?,?,?,?,?,?,?,?,?,?,?,?,?,?,?
02/01/2017,QPR,Ipswich,?,?,?,?,?,?,?,?,?,?,?,?,?,?,?,?,?,?,?,?
02/01/2017,Sheffield Wednesday,Wolves,?,?,?,?,?,?,?,?,?,?,?,?,?,?,?,?,?,?,?,?
02/01/2017,Wigan Athletic,Huddersfield,?,?,?,?,?,?,?,?,?,?,?,?,?,?,?,?,?,?,?,?
12/01/2017,Reading,QPR,?,?,?,?,?,?,?,?,?,?,?,?,?,?,?,?,?,?,?,?
13/01/2017,Leeds United,Derby,?,?,?,?,?,?,?,?,?,?,?,?,?,?,?,?,?,?,?,?
14/01/2017,Birmingham,Nottm Forest,?,?,?,?,?,?,?,?,?,?,?,?,?,?,?,?,?,?,?,?
14/01/2017,Brentford,Newcastle,?,?,?,?,?,?,?,?,?,?,?,?,?,?,?,?,?,?,?,?
14/01/2017,Bristol City,Cardiff,?,?,?,?,?,?,?,?,?,?,?,?,?,?,?,?,?,?,?,?
14/01/2017,Burton Albion,Wigan Athletic,?,?,?,?,?,?,?,?,?,?,?,?,?,?,?,?,?,?,?,?
14/01/2017,Fulham,Barnsley,?,?,?,?,?,?,?,?,?,?,?,?,?,?,?,?,?,?,?,?
14/01/2017,Ipswich,Blackburn,?,?,?,?,?,?,?,?,?,?,?,?,?,?,?,?,?,?,?,?
14/01/2017,Preston,Brighton & Hove Albion,?,?,?,?,?,?,?,?,?,?,?,?,?,?,?,?,?,?,?,?
14/01/2017,Rotherham,Norwich City,?,?,?,?,?,?,?,?,?,?,?,?,?,?,?,?,?,?,?,?
14/01/2017,Sheffield Wednesday,Huddersfield,?,?,?,?,?,?,?,?,?,?,?,?,?,?,?,?,?,?,?,?
14/01/2017,Wolves,Aston Villa,?,?,?,?,?,?,?,?,?,?,?,?,?,?,?,?,?,?,?,?
20/01/2017,Brighton & Hove Albion,Sheffield Wednesday,?,?,?,?,?,?,?,?,?,?,?,?,?,?,?,?,?,?,?,?
21/01/2017,Aston Villa,Preston,?,?,?,?,?,?,?,?,?,?,?,?,?,?,?,?,?,?,?,?
21/01/2017,Barnsley,Leeds United,?,?,?,?,?,?,?,?,?,?,?,?,?,?,?,?,?,?,?,?
21/01/2017,Blackburn,Birmingham,?,?,?,?,?,?,?,?,?,?,?,?,?,?,?,?,?,?,?,?
21/01/2017,Cardiff,Burton Albion,?,?,?,?,?,?,?,?,?,?,?,?,?,?,?,?,?,?,?,?
21/01/2017,Derby,Reading,?,?,?,?,?,?,?,?,?,?,?,?,?,?,?,?,?,?,?,?
21/01/2017,Huddersfield,Ipswich,?,?,?,?,?,?,?,?,?,?,?,?,?,?,?,?,?,?,?,?
21/01/2017,Newcastle,Rotherham,?,?,?,?,?,?,?,?,?,?,?,?,?,?,?,?,?,?,?,?
21/01/2017,Norwich City,Wolves,?,?,?,?,?,?,?,?,?,?,?,?,?,?,?,?,?,?,?,?
21/01/2017,Nottm Forest,Bristol City,?,?,?,?,?,?,?,?,?,?,?,?,?,?,?,?,?,?,?,?
21/01/2017,QPR,Fulham,?,?,?,?,?,?,?,?,?,?,?,?,?,?,?,?,?,?,?,?
21/01/2017,Wigan Athletic,Brentford,?,?,?,?,?,?,?,?,?,?,?,?,?,?,?,?,?,?,?,?
24/01/2017,Brighton & Hove Albion,Cardiff,?,?,?,?,?,?,?,?,?,?,?,?,?,?,?,?,?,?,?,?
24/01/2017,Reading,Fulham,?,?,?,?,?,?,?,?,?,?,?,?,?,?,?,?,?,?,?,?
25/01/2017,Leeds United,Nottm Forest,?,?,?,?,?,?,?,?,?,?,?,?,?,?,?,?,?,?,?,?
28/01/2017,Norwich City,Birmingham,?,?,?,?,?,?,?,?,?,?,?,?,?,?,?,?,?,?,?,?
28/01/2017,Preston,Ipswich,?,?,?,?,?,?,?,?,?,?,?,?,?,?,?,?,?,?,?,?
28/01/2017,QPR,Burton Albion,?,?,?,?,?,?,?,?,?,?,?,?,?,?,?,?,?,?,?,?
28/01/2017,Reading,Cardiff,?,?,?,?,?,?,?,?,?,?,?,?,?,?,?,?,?,?,?,?
28/01/2017,Rotherham,Barnsley,?,?,?,?,?,?,?,?,?,?,?,?,?,?,?,?,?,?,?,?
31/01/2017,Barnsley,Wolves,?,?,?,?,?,?,?,?,?,?,?,?,?,?,?,?,?,?,?,?
31/01/2017,Birmingham,Reading,?,?,?,?,?,?,?,?,?,?,?,?,?,?,?,?,?,?,?,?
31/01/2017,Brentford,Aston Villa,?,?,?,?,?,?,?,?,?,?,?,?,?,?,?,?,?,?,?,?
31/01/2017,Bristol City,Sheffield Wednesday,?,?,?,?,?,?,?,?,?,?,?,?,?,?,?,?,?,?,?,?
31/01/2017,Cardiff,Preston,?,?,?,?,?,?,?,?,?,?,?,?,?,?,?,?,?,?,?,?
31/01/2017,Ipswich,Derby,?,?,?,?,?,?,?,?,?,?,?,?,?,?,?,?,?,?,?,?
31/01/2017,Nottm Forest,Rotherham,?,?,?,?,?,?,?,?,?,?,?,?,?,?,?,?,?,?,?,?
01/02/2017,Blackburn,Leeds United,?,?,?,?,?,?,?,?,?,?,?,?,?,?,?,?,?,?,?,?
01/02/2017,Burton Albion,Fulham,?,?,?,?,?,?,?,?,?,?,?,?,?,?,?,?,?,?,?,?
01/02/2017,Newcastle,QPR,?,?,?,?,?,?,?,?,?,?,?,?,?,?,?,?,?,?,?,?
02/02/2017,Huddersfield,Brighton & Hove Albion,?,?,?,?,?,?,?,?,?,?,?,?,?,?,?,?,?,?,?,?
03/02/2017,Wigan Athletic,Sheffield Wednesday,?,?,?,?,?,?,?,?,?,?,?,?,?,?,?,?,?,?,?,?
04/02/2017,Barnsley,Preston,?,?,?,?,?,?,?,?,?,?,?,?,?,?,?,?,?,?,?,?
04/02/2017,Birmingham,Fulham,?,?,?,?,?,?,?,?,?,?,?,?,?,?,?,?,?,?,?,?
04/02/2017,Blackburn,QPR,?,?,?,?,?,?,?,?,?,?,?,?,?,?,?,?,?,?,?,?
04/02/2017,Bristol City,Rotherham,?,?,?,?,?,?,?,?,?,?,?,?,?,?,?,?,?,?,?,?
04/02/2017,Burton Albion,Wolves,?,?,?,?,?,?,?,?,?,?,?,?,?,?,?,?,?,?,?,?
04/02/2017,Cardiff,Norwich City,?,?,?,?,?,?,?,?,?,?,?,?,?,?,?,?,?,?,?,?
04/02/2017,Ipswich,Reading,?,?,?,?,?,?,?,?,?,?,?,?,?,?,?,?,?,?,?,?
04/02/2017,Newcastle,Derby,?,?,?,?,?,?,?,?,?,?,?,?,?,?,?,?,?,?,?,?
04/02/2017,Nottm Forest,Aston Villa,?,?,?,?,?,?,?,?,?,?,?,?,?,?,?,?,?,?,?,?
05/02/2017,Brentford,Brighton & Hove Albion,?,?,?,?,?,?,?,?,?,?,?,?,?,?,?,?,?,?,?,?
05/02/2017,Huddersfield,Leeds United,?,?,?,?,?,?,?,?,?,?,?,?,?,?,?,?,?,?,?,?
07/02/2017,Wigan Athletic,Norwich City,?,?,?,?,?,?,?,?,?,?,?,?,?,?,?,?,?,?,?,?
10/02/2017,Sheffield Wednesday,Birmingham,?,?,?,?,?,?,?,?,?,?,?,?,?,?,?,?,?,?,?,?
11/02/2017,Aston Villa,Ipswich,?,?,?,?,?,?,?,?,?,?,?,?,?,?,?,?,?,?,?,?
11/02/2017,Brighton & Hove Albion,Burton Albion,?,?,?,?,?,?,?,?,?,?,?,?,?,?,?,?,?,?,?,?
11/02/2017,Derby,Bristol City,?,?,?,?,?,?,?,?,?,?,?,?,?,?,?,?,?,?,?,?
11/02/2017,Fulham,Wigan Athletic,?,?,?,?,?,?,?,?,?,?,?,?,?,?,?,?,?,?,?,?
11/02/2017,Leeds United,Cardiff,?,?,?,?,?,?,?,?,?,?,?,?,?,?,?,?,?,?,?,?
11/02/2017,Norwich City,Nottm Forest,?,?,?,?,?,?,?,?,?,?,?,?,?,?,?,?,?,?,?,?
11/02/2017,Preston,Brentford,?,?,?,?,?,?,?,?,?,?,?,?,?,?,?,?,?,?,?,?
11/02/2017,QPR,Huddersfield,?,?,?,?,?,?,?,?,?,?,?,?,?,?,?,?,?,?,?,?
11/02/2017,Reading,Barnsley,?,?,?,?,?,?,?,?,?,?,?,?,?,?,?,?,?,?,?,?
11/02/2017,Rotherham,Blackburn,?,?,?,?,?,?,?,?,?,?,?,?,?,?,?,?,?,?,?,?
11/02/2017,Wolves,Newcastle,?,?,?,?,?,?,?,?,?,?,?,?,?,?,?,?,?,?,?,?
14/02/2017,Aston Villa,Barnsley,?,?,?,?,?,?,?,?,?,?,?,?,?,?,?,?,?,?,?,?
14/02/2017,Brighton & Hove Albion,Ipswich,?,?,?,?,?,?,?,?,?,?,?,?,?,?,?,?,?,?,?,?
14/02/2017,Derby,Cardiff,?,?,?,?,?,?,?,?,?,?,?,?,?,?,?,?,?,?,?,?
14/02/2017,Fulham,Nottm Forest,?,?,?,?,?,?,?,?,?,?,?,?,?,?,?,?,?,?,?,?
14/02/2017,Leeds United,Bristol City,?,?,?,?,?,?,?,?,?,?,?,?,?,?,?,?,?,?,?,?
14/02/2017,Norwich City,Newcastle,?,?,?,?,?,?,?,?,?,?,?,?,?,?,?,?,?,?,?,?
14/02/2017,Preston,Birmingham,?,?,?,?,?,?,?,?,?,?,?,?,?,?,?,?,?,?,?,?
14/02/2017,Reading,Brentford,?,?,?,?,?,?,?,?,?,?,?,?,?,?,?,?,?,?,?,?
14/02/2017,Rotherham,Huddersfield,?,?,?,?,?,?,?,?,?,?,?,?,?,?,?,?,?,?,?,?
14/02/2017,Sheffield Wednesday,Blackburn,?,?,?,?,?,?,?,?,?,?,?,?,?,?,?,?,?,?,?,?
14/02/2017,Wolves,Wigan Athletic,?,?,?,?,?,?,?,?,?,?,?,?,?,?,?,?,?,?,?,?
18/02/2017,Barnsley,Brighton & Hove Albion,?,?,?,?,?,?,?,?,?,?,?,?,?,?,?,?,?,?,?,?
18/02/2017,Birmingham,QPR,?,?,?,?,?,?,?,?,?,?,?,?,?,?,?,?,?,?,?,?
18/02/2017,Burton Albion,Norwich City,?,?,?,?,?,?,?,?,?,?,?,?,?,?,?,?,?,?,?,?
18/02/2017,Cardiff,Rotherham,?,?,?,?,?,?,?,?,?,?,?,?,?,?,?,?,?,?,?,?
18/02/2017,Ipswich,Leeds United,?,?,?,?,?,?,?,?,?,?,?,?,?,?,?,?,?,?,?,?
18/02/2017,Nottm Forest,Sheffield Wednesday,?,?,?,?,?,?,?,?,?,?,?,?,?,?,?,?,?,?,?,?
18/02/2017,Wigan Athletic,Preston,?,?,?,?,?,?,?,?,?,?,?,?,?,?,?,?,?,?,?,?
20/02/2017,Newcastle,Aston Villa,?,?,?,?,?,?,?,?,?,?,?,?,?,?,?,?,?,?,?,?
21/02/2017,Derby,Burton Albion,?,?,?,?,?,?,?,?,?,?,?,?,?,?,?,?,?,?,?,?
21/02/2017,Huddersfield,Reading,?,?,?,?,?,?,?,?,?,?,?,?,?,?,?,?,?,?,?,?
21/02/2017,QPR,Wigan Athletic,?,?,?,?,?,?,?,?,?,?,?,?,?,?,?,?,?,?,?,?
21/02/2017,Sheffield Wednesday,Brentford,?,?,?,?,?,?,?,?,?,?,?,?,?,?,?,?,?,?,?,?
22/02/2017,Bristol City,Fulham,?,?,?,?,?,?,?,?,?,?,?,?,?,?,?,?,?,?,?,?
24/02/2017,Burton Albion,Blackburn,?,?,?,?,?,?,?,?,?,?,?,?,?,?,?,?,?,?,?,?
24/02/2017,Wolves,Birmingham,?,?,?,?,?,?,?,?,?,?,?,?,?,?,?,?,?,?,?,?
25/02/2017,Aston Villa,Derby,?,?,?,?,?,?,?,?,?,?,?,?,?,?,?,?,?,?,?,?
25/02/2017,Barnsley,Huddersfield,?,?,?,?,?,?,?,?,?,?,?,?,?,?,?,?,?,?,?,?
25/02/2017,Brentford,Rotherham,?,?,?,?,?,?,?,?,?,?,?,?,?,?,?,?,?,?,?,?
25/02/2017,Brighton & Hove Albion,Reading,?,?,?,?,?,?,?,?,?,?,?,?,?,?,?,?,?,?,?,?
25/02/2017,Cardiff,Fulham,?,?,?,?,?,?,?,?,?,?,?,?,?,?,?,?,?,?,?,?
25/02/2017,Leeds United,Sheffield Wednesday,?,?,?,?,?,?,?,?,?,?,?,?,?,?,?,?,?,?,?,?
25/02/2017,Newcastle,Bristol City,?,?,?,?,?,?,?,?,?,?,?,?,?,?,?,?,?,?,?,?
25/02/2017,Preston,QPR,?,?,?,?,?,?,?,?,?,?,?,?,?,?,?,?,?,?,?,?
25/02/2017,Wigan Athletic,Nottm Forest,?,?,?,?,?,?,?,?,?,?,?,?,?,?,?,?,?,?,?,?
26/02/2017,Norwich City,Ipswich,?,?,?,?,?,?,?,?,?,?,?,?,?,?,?,?,?,?,?,?
28/02/2017,Aston Villa,Bristol City,?,?,?,?,?,?,?,?,?,?,?,?,?,?,?,?,?,?,?,?
28/02/2017,Blackburn,Derby,?,?,?,?,?,?,?,?,?,?,?,?,?,?,?,?,?,?,?,?
28/02/2017,Brighton & Hove Albion,Newcastle,?,?,?,?,?,?,?,?,?,?,?,?,?,?,?,?,?,?,?,?
03/03/2017,Birmingham,Leeds United,?,?,?,?,?,?,?,?,?,?,?,?,?,?,?,?,?,?,?,?
04/03/2017,Blackburn,Wigan Athletic,?,?,?,?,?,?,?,?,?,?,?,?,?,?,?,?,?,?,?,?
04/03/2017,Bristol City,Burton Albion,?,?,?,?,?,?,?,?,?,?,?,?,?,?,?,?,?,?,?,?
04/03/2017,Derby,Barnsley,?,?,?,?,?,?,?,?,?,?,?,?,?,?,?,?,?,?,?,?
04/03/2017,Fulham,Preston,?,?,?,?,?,?,?,?,?,?,?,?,?,?,?,?,?,?,?,?
04/03/2017,Huddersfield,Newcastle,?,?,?,?,?,?,?,?,?,?,?,?,?,?,?,?,?,?,?,?
04/03/2017,Ipswich,Brentford,?,?,?,?,?,?,?,?,?,?,?,?,?,?,?,?,?,?,?,?
04/03/2017,Nottm Forest,Brighton & Hove Albion,?,?,?,?,?,?,?,?,?,?,?,?,?,?,?,?,?,?,?,?
04/03/2017,QPR,Cardiff,?,?,?,?,?,?,?,?,?,?,?,?,?,?,?,?,?,?,?,?
04/03/2017,Reading,Wolves,?,?,?,?,?,?,?,?,?,?,?,?,?,?,?,?,?,?,?,?
04/03/2017,Rotherham,Aston Villa,?,?,?,?,?,?,?,?,?,?,?,?,?,?,?,?,?,?,?,?
04/03/2017,Sheffield Wednesday,Norwich City,?,?,?,?,?,?,?,?,?,?,?,?,?,?,?,?,?,?,?,?
07/03/2017,Birmingham,Wigan Athletic,?,?,?,?,?,?,?,?,?,?,?,?,?,?,?,?,?,?,?,?
07/03/2017,Blackburn,Cardiff,?,?,?,?,?,?,?,?,?,?,?,?,?,?,?,?,?,?,?,?
07/03/2017,Bristol City,Norwich City,?,?,?,?,?,?,?,?,?,?,?,?,?,?,?,?,?,?,?,?
07/03/2017,Derby,Preston,?,?,?,?,?,?,?,?,?,?,?,?,?,?,?,?,?,?,?,?
07/03/2017,Fulham,Leeds United,?,?,?,?,?,?,?,?,?,?,?,?,?,?,?,?,?,?,?,?
07/03/2017,Huddersfield,Aston Villa,?,?,?,?,?,?,?,?,?,?,?,?,?,?,?,?,?,?,?,?
07/03/2017,Ipswich,Wolves,?,?,?,?,?,?,?,?,?,?,?,?,?,?,?,?,?,?,?,?
07/03/2017,Nottm Forest,Brentford,?,?,?,?,?,?,?,?,?,?,?,?,?,?,?,?,?,?,?,?
07/03/2017,QPR,Barnsley,?,?,?,?,?,?,?,?,?,?,?,?,?,?,?,?,?,?,?,?
07/03/2017,Reading,Newcastle,?,?,?,?,?,?,?,?,?,?,?,?,?,?,?,?,?,?,?,?
07/03/2017,Rotherham,Brighton & Hove Albion,?,?,?,?,?,?,?,?,?,?,?,?,?,?,?,?,?,?,?,?
07/03/2017,Sheffield Wednesday,Burton Albion,?,?,?,?,?,?,?,?,?,?,?,?,?,?,?,?,?,?,?,?
10/03/2017,Brighton & Hove Albion,Derby,?,?,?,?,?,?,?,?,?,?,?,?,?,?,?,?,?,?,?,?
11/03/2017,Aston Villa,Sheffield Wednesday,?,?,?,?,?,?,?,?,?,?,?,?,?,?,?,?,?,?,?,?
11/03/2017,Barnsley,Ipswich,?,?,?,?,?,?,?,?,?,?,?,?,?,?,?,?,?,?,?,?
11/03/2017,Brentford,Huddersfield,?,?,?,?,?,?,?,?,?,?,?,?,?,?,?,?,?,?,?,?
11/03/2017,Burton Albion,Nottm Forest,?,?,?,?,?,?,?,?,?,?,?,?,?,?,?,?,?,?,?,?
11/03/2017,Cardiff,Birmingham,?,?,?,?,?,?,?,?,?,?,?,?,?,?,?,?,?,?,?,?
11/03/2017,Leeds United,QPR,?,?,?,?,?,?,?,?,?,?,?,?,?,?,?,?,?,?,?,?
11/03/2017,Newcastle,Fulham,?,?,?,?,?,?,?,?,?,?,?,?,?,?,?,?,?,?,?,?
11/03/2017,Norwich City,Blackburn,?,?,?,?,?,?,?,?,?,?,?,?,?,?,?,?,?,?,?,?
11/03/2017,Preston,Reading,?,?,?,?,?,?,?,?,?,?,?,?,?,?,?,?,?,?,?,?
11/03/2017,Wigan Athletic,Bristol City,?,?,?,?,?,?,?,?,?,?,?,?,?,?,?,?,?,?,?,?
11/03/2017,Wolves,Rotherham,?,?,?,?,?,?,?,?,?,?,?,?,?,?,?,?,?,?,?,?
14/03/2017,Brentford,Wolves,?,?,?,?,?,?,?,?,?,?,?,?,?,?,?,?,?,?,?,?
14/03/2017,Fulham,Blackburn,?,?,?,?,?,?,?,?,?,?,?,?,?,?,?,?,?,?,?,?
17/03/2017,Bristol City,Huddersfield,?,?,?,?,?,?,?,?,?,?,?,?,?,?,?,?,?,?,?,?
17/03/2017,Sheffield Wednesday,Reading,?,?,?,?,?,?,?,?,?,?,?,?,?,?,?,?,?,?,?,?
18/03/2017,Birmingham,Newcastle,?,?,?,?,?,?,?,?,?,?,?,?,?,?,?,?,?,?,?,?
18/03/2017,Blackburn,Preston,?,?,?,?,?,?,?,?,?,?,?,?,?,?,?,?,?,?,?,?
18/03/2017,Burton Albion,Brentford,?,?,?,?,?,?,?,?,?,?,?,?,?,?,?,?,?,?,?,?
18/03/2017,Cardiff,Ipswich,?,?,?,?,?,?,?,?,?,?,?,?,?,?,?,?,?,?,?,?
18/03/2017,Fulham,Wolves,?,?,?,?,?,?,?,?,?,?,?,?,?,?,?,?,?,?,?,?
18/03/2017,Leeds United,Brighton & Hove Albion,?,?,?,?,?,?,?,?,?,?,?,?,?,?,?,?,?,?,?,?
18/03/2017,Norwich City,Barnsley,?,?,?,?,?,?,?,?,?,?,?,?,?,?,?,?,?,?,?,?
18/03/2017,Nottm Forest,Derby,?,?,?,?,?,?,?,?,?,?,?,?,?,?,?,?,?,?,?,?
18/03/2017,QPR,Rotherham,?,?,?,?,?,?,?,?,?,?,?,?,?,?,?,?,?,?,?,?
18/03/2017,Wigan Athletic,Aston Villa,?,?,?,?,?,?,?,?,?,?,?,?,?,?,?,?,?,?,?,?
31/03/2017,Derby,QPR,?,?,?,?,?,?,?,?,?,?,?,?,?,?,?,?,?,?,?,?
01/04/2017,Aston Villa,Norwich City,?,?,?,?,?,?,?,?,?,?,?,?,?,?,?,?,?,?,?,?
01/04/2017,Barnsley,Sheffield Wednesday,?,?,?,?,?,?,?,?,?,?,?,?,?,?,?,?,?,?,?,?
01/04/2017,Brentford,Bristol City,?,?,?,?,?,?,?,?,?,?,?,?,?,?,?,?,?,?,?,?
01/04/2017,Brighton & Hove Albion,Blackburn,?,?,?,?,?,?,?,?,?,?,?,?,?,?,?,?,?,?,?,?
01/04/2017,Huddersfield,Burton Albion,?,?,?,?,?,?,?,?,?,?,?,?,?,?,?,?,?,?,?,?
01/04/2017,Ipswich,Birmingham,?,?,?,?,?,?,?,?,?,?,?,?,?,?,?,?,?,?,?,?
01/04/2017,Newcastle,Wigan Athletic,?,?,?,?,?,?,?,?,?,?,?,?,?,?,?,?,?,?,?,?
01/04/2017,Preston,Nottm Forest,?,?,?,?,?,?,?,?,?,?,?,?,?,?,?,?,?,?,?,?
01/04/2017,Reading,Leeds United,?,?,?,?,?,?,?,?,?,?,?,?,?,?,?,?,?,?,?,?
01/04/2017,Rotherham,Fulham,?,?,?,?,?,?,?,?,?,?,?,?,?,?,?,?,?,?,?,?
01/04/2017,Wolves,Cardiff,?,?,?,?,?,?,?,?,?,?,?,?,?,?,?,?,?,?,?,?
04/04/2017,Aston Villa,QPR,?,?,?,?,?,?,?,?,?,?,?,?,?,?,?,?,?,?,?,?
04/04/2017,Barnsley,Cardiff,?,?,?,?,?,?,?,?,?,?,?,?,?,?,?,?,?,?,?,?
04/04/2017,Brentford,Leeds United,?,?,?,?,?,?,?,?,?,?,?,?,?,?,?,?,?,?,?,?
04/04/2017,Brighton & Hove Albion,Birmingham,?,?,?,?,?,?,?,?,?,?,?,?,?,?,?,?,?,?,?,?
04/04/2017,Derby,Fulham,?,?,?,?,?,?,?,?,?,?,?,?,?,?,?,?,?,?,?,?
04/04/2017,Ipswich,Wigan Athletic,?,?,?,?,?,?,?,?,?,?,?,?,?,?,?,?,?,?,?,?
04/04/2017,Preston,Bristol City,?,?,?,?,?,?,?,?,?,?,?,?,?,?,?,?,?,?,?,?
04/04/2017,Reading,Blackburn,?,?,?,?,?,?,?,?,?,?,?,?,?,?,?,?,?,?,?,?
04/04/2017,Rotherham,Sheffield Wednesday,?,?,?,?,?,?,?,?,?,?,?,?,?,?,?,?,?,?,?,?
04/04/2017,Wolves,Nottm Forest,?,?,?,?,?,?,?,?,?,?,?,?,?,?,?,?,?,?,?,?
05/04/2017,Huddersfield,Norwich City,?,?,?,?,?,?,?,?,?,?,?,?,?,?,?,?,?,?,?,?
05/04/2017,Newcastle,Burton Albion,?,?,?,?,?,?,?,?,?,?,?,?,?,?,?,?,?,?,?,?
07/04/2017,QPR,Brighton & Hove Albion,?,?,?,?,?,?,?,?,?,?,?,?,?,?,?,?,?,?,?,?
08/04/2017,Birmingham,Derby,?,?,?,?,?,?,?,?,?,?,?,?,?,?,?,?,?,?,?,?
08/04/2017,Blackburn,Barnsley,?,?,?,?,?,?,?,?,?,?,?,?,?,?,?,?,?,?,?,?
08/04/2017,Bristol City,Wolves,?,?,?,?,?,?,?,?,?,?,?,?,?,?,?,?,?,?,?,?
08/04/2017,Burton Albion,Aston Villa,?,?,?,?,?,?,?,?,?,?,?,?,?,?,?,?,?,?,?,?
08/04/2017,Cardiff,Brentford,?,?,?,?,?,?,?,?,?,?,?,?,?,?,?,?,?,?,?,?
08/04/2017,Fulham,Ipswich,?,?,?,?,?,?,?,?,?,?,?,?,?,?,?,?,?,?,?,?
08/04/2017,Leeds United,Preston,?,?,?,?,?,?,?,?,?,?,?,?,?,?,?,?,?,?,?,?
08/04/2017,Norwich City,Reading,?,?,?,?,?,?,?,?,?,?,?,?,?,?,?,?,?,?,?,?
08/04/2017,Nottm Forest,Huddersfield,?,?,?,?,?,?,?,?,?,?,?,?,?,?,?,?,?,?,?,?
08/04/2017,Sheffield Wednesday,Newcastle,?,?,?,?,?,?,?,?,?,?,?,?,?,?,?,?,?,?,?,?
08/04/2017,Wigan Athletic,Rotherham,?,?,?,?,?,?,?,?,?,?,?,?,?,?,?,?,?,?,?,?
13/04/2017,Wigan Athletic,Barnsley,?,?,?,?,?,?,?,?,?,?,?,?,?,?,?,?,?,?,?,?
14/04/2017,Brentford,Derby,?,?,?,?,?,?,?,?,?,?,?,?,?,?,?,?,?,?,?,?
14/04/2017,Bristol City,QPR,?,?,?,?,?,?,?,?,?,?,?,?,?,?,?,?,?,?,?,?
14/04/2017,Burton Albion,Ipswich,?,?,?,?,?,?,?,?,?,?,?,?,?,?,?,?,?,?,?,?
14/04/2017,Huddersfield,Preston,?,?,?,?,?,?,?,?,?,?,?,?,?,?,?,?,?,?,?,?
14/04/2017,Newcastle,Leeds United,?,?,?,?,?,?,?,?,?,?,?,?,?,?,?,?,?,?,?,?
14/04/2017,Norwich City,Fulham,?,?,?,?,?,?,?,?,?,?,?,?,?,?,?,?,?,?,?,?
14/04/2017,Nottm Forest,Blackburn,?,?,?,?,?,?,?,?,?,?,?,?,?,?,?,?,?,?,?,?
14/04/2017,Rotherham,Birmingham,?,?,?,?,?,?,?,?,?,?,?,?,?,?,?,?,?,?,?,?
14/04/2017,Sheffield Wednesday,Cardiff,?,?,?,?,?,?,?,?,?,?,?,?,?,?,?,?,?,?,?,?
14/04/2017,Wolves,Brighton & Hove Albion,?,?,?,?,?,?,?,?,?,?,?,?,?,?,?,?,?,?,?,?
15/04/2017,Aston Villa,Reading,?,?,?,?,?,?,?,?,?,?,?,?,?,?,?,?,?,?,?,?
17/04/2017,Barnsley,Brentford,?,?,?,?,?,?,?,?,?,?,?,?,?,?,?,?,?,?,?,?
17/04/2017,Birmingham,Burton Albion,?,?,?,?,?,?,?,?,?,?,?,?,?,?,?,?,?,?,?,?
17/04/2017,Blackburn,Bristol City,?,?,?,?,?,?,?,?,?,?,?,?,?,?,?,?,?,?,?,?
17/04/2017,Brighton & Hove Albion,Wigan Athletic,?,?,?,?,?,?,?,?,?,?,?,?,?,?,?,?,?,?,?,?
17/04/2017,Cardiff,Nottm Forest,?,?,?,?,?,?,?,?,?,?,?,?,?,?,?,?,?,?,?,?
17/04/2017,Derby,Huddersfield,?,?,?,?,?,?,?,?,?,?,?,?,?,?,?,?,?,?,?,?
17/04/2017,Fulham,Aston Villa,?,?,?,?,?,?,?,?,?,?,?,?,?,?,?,?,?,?,?,?
17/04/2017,Ipswich,Newcastle,?,?,?,?,?,?,?,?,?,?,?,?,?,?,?,?,?,?,?,?
17/04/2017,Leeds United,Wolves,?,?,?,?,?,?,?,?,?,?,?,?,?,?,?,?,?,?,?,?
17/04/2017,Preston,Norwich City,?,?,?,?,?,?,?,?,?,?,?,?,?,?,?,?,?,?,?,?
17/04/2017,QPR,Sheffield Wednesday,?,?,?,?,?,?,?,?,?,?,?,?,?,?,?,?,?,?,?,?
17/04/2017,Reading,Rotherham,?,?,?,?,?,?,?,?,?,?,?,?,?,?,?,?,?,?,?,?
21/04/2017,Norwich City,Brighton & Hove Albion,?,?,?,?,?,?,?,?,?,?,?,?,?,?,?,?,?,?,?,?
22/04/2017,Brentford,QPR,?,?,?,?,?,?,?,?,?,?,?,?,?,?,?,?,?,?,?,?
22/04/2017,Bristol City,Barnsley,?,?,?,?,?,?,?,?,?,?,?,?,?,?,?,?,?,?,?,?
22/04/2017,Burton Albion,Leeds United,?,?,?,?,?,?,?,?,?,?,?,?,?,?,?,?,?,?,?,?
22/04/2017,Huddersfield,Fulham,?,?,?,?,?,?,?,?,?,?,?,?,?,?,?,?,?,?,?,?
22/04/2017,Nottm Forest,Reading,?,?,?,?,?,?,?,?,?,?,?,?,?,?,?,?,?,?,?,?
22/04/2017,Rotherham,Ipswich,?,?,?,?,?,?,?,?,?,?,?,?,?,?,?,?,?,?,?,?
22/04/2017,Sheffield Wednesday,Derby,?,?,?,?,?,?,?,?,?,?,?,?,?,?,?,?,?,?,?,?
22/04/2017,Wigan Athletic,Cardiff,?,?,?,?,?,?,?,?,?,?,?,?,?,?,?,?,?,?,?,?
22/04/2017,Wolves,Blackburn,?,?,?,?,?,?,?,?,?,?,?,?,?,?,?,?,?,?,?,?
23/04/2017,Aston Villa,Birmingham,?,?,?,?,?,?,?,?,?,?,?,?,?,?,?,?,?,?,?,?
24/04/2017,Newcastle,Preston,?,?,?,?,?,?,?,?,?,?,?,?,?,?,?,?,?,?,?,?
25/04/2017,Wolves,Huddersfield,?,?,?,?,?,?,?,?,?,?,?,?,?,?,?,?,?,?,?,?
28/04/2017,Cardiff,Newcastle,?,?,?,?,?,?,?,?,?,?,?,?,?,?,?,?,?,?,?,?
29/04/2017,Barnsley,Burton Albion,?,?,?,?,?,?,?,?,?,?,?,?,?,?,?,?,?,?,?,?
29/04/2017,Birmingham,Huddersfield,?,?,?,?,?,?,?,?,?,?,?,?,?,?,?,?,?,?,?,?
29/04/2017,Blackburn,Aston Villa,?,?,?,?,?,?,?,?,?,?,?,?,?,?,?,?,?,?,?,?
29/04/2017,Brighton & Hove Albion,Bristol City,?,?,?,?,?,?,?,?,?,?,?,?,?,?,?,?,?,?,?,?
29/04/2017,Derby,Wolves,?,?,?,?,?,?,?,?,?,?,?,?,?,?,?,?,?,?,?,?
29/04/2017,Fulham,Brentford,?,?,?,?,?,?,?,?,?,?,?,?,?,?,?,?,?,?,?,?
29/04/2017,Ipswich,Sheffield Wednesday,?,?,?,?,?,?,?,?,?,?,?,?,?,?,?,?,?,?,?,?
29/04/2017,Leeds United,Norwich City,?,?,?,?,?,?,?,?,?,?,?,?,?,?,?,?,?,?,?,?
29/04/2017,Preston,Rotherham,?,?,?,?,?,?,?,?,?,?,?,?,?,?,?,?,?,?,?,?
29/04/2017,QPR,Nottm Forest,?,?,?,?,?,?,?,?,?,?,?,?,?,?,?,?,?,?,?,?
29/04/2017,Reading,Wigan Athletic,?,?,?,?,?,?,?,?,?,?,?,?,?,?,?,?,?,?,?,?
07/05/2017,Aston Villa,Brighton & Hove Albion,?,?,?,?,?,?,?,?,?,?,?,?,?,?,?,?,?,?,?,?
07/05/2017,Brentford,Blackburn,?,?,?,?,?,?,?,?,?,?,?,?,?,?,?,?,?,?,?,?
07/05/2017,Bristol City,Birmingham,?,?,?,?,?,?,?,?,?,?,?,?,?,?,?,?,?,?,?,?
07/05/2017,Burton Albion,Reading,?,?,?,?,?,?,?,?,?,?,?,?,?,?,?,?,?,?,?,?
07/05/2017,Huddersfield,Cardiff,?,?,?,?,?,?,?,?,?,?,?,?,?,?,?,?,?,?,?,?
07/05/2017,Newcastle,Barnsley,?,?,?,?,?,?,?,?,?,?,?,?,?,?,?,?,?,?,?,?
07/05/2017,Norwich City,QPR,?,?,?,?,?,?,?,?,?,?,?,?,?,?,?,?,?,?,?,?
07/05/2017,Nottm Forest,Ipswich,?,?,?,?,?,?,?,?,?,?,?,?,?,?,?,?,?,?,?,?
07/05/2017,Rotherham,Derby,?,?,?,?,?,?,?,?,?,?,?,?,?,?,?,?,?,?,?,?
07/05/2017,Sheffield Wednesday,Fulham,?,?,?,?,?,?,?,?,?,?,?,?,?,?,?,?,?,?,?,?
07/05/2017,Wigan Athletic,Leeds United,?,?,?,?,?,?,?,?,?,?,?,?,?,?,?,?,?,?,?,?
07/05/2017,Wolves,Preston,?,?,?,?,?,?,?,?,?,?,?,?,?,?,?,?,?,?,?,?