Team,Match day,Date,Home/Away,Home League Position,Opponents,League Position
Blackburn,1,"Sat Aug 6, 2016",H,0,Norwich City,0
Blackburn,2,"Sat Aug 13, 2016",A,-23,Wigan Athletic,23
Blackburn,3,"Wed Aug 17, 2016",A,-24,Cardiff,24
Blackburn,4,"Sat Aug 20, 2016",H,-24,Burton Albion,24
Blackburn,5,"Sat Aug 27, 2016",H,-24,Fulham,24
Blackburn,6,"Sat Sep 10, 2016",A,-24,QPR,24
Blackburn,7,"Tue Sep 13, 2016",A,-24,Leeds United,24
Blackburn,8,"Sat Sep 17, 2016",H,-24,Rotherham,24
Blackburn,9,"Sat Sep 24, 2016",A,-23,Derby,23
Blackburn,10,"Tue Sep 27, 2016",H,-20,Sheffield Wednesday,20
Blackburn,11,"Sat Oct 1, 2016",A,-22,Birmingham,22
Blackburn,12,"Sat Oct 15, 2016",H,-22,Ipswich,22
Blackburn,13,"Tue Oct 18, 2016",H,-23,Nottm Forest,23
Blackburn,14,"Sat Oct 22, 2016",A,-21,Bristol City,21
Blackburn,15,"Sat Oct 29, 2016",H,-22,Wolves,22
Blackburn,16,"Sat Nov 5, 2016",A,-23,Aston Villa,23
Blackburn,17,"Sat Nov 19, 2016",H,-23,Fulham,23
Blackburn,18,"Sat Nov 26, 2016",A,-22,Newcastle,22
Blackburn,19,"Sat Dec 3, 2016",H,-20,Huddersfield,20
Blackburn,20,"Sat Dec 10, 2016",A,-21,Preston,21
Blackburn,21,"Tue Dec 13, 2016",H,-21,Brighton & Hove Albion,21
Blackburn,22,"Sat Dec 17, 2016",H,-22,Reading,22
Blackburn,23,"Mon Dec 26, 2016",A,-22,Barnsley,22
Blackburn,24,"Sat Dec 31, 2016",A,-22,Huddersfield,22
Blackburn,25,"Mon Jan 2, 2017",H,-22,Newcastle,22
Blackburn,26,"Sat Jan 14, 2017",A,-22,Ipswich,22
Blackburn,27,"Sat Jan 21, 2017",H,-22,Birmingham,22
Blackburn,28,"Tue Mar 14, 2017",A,-23,Fulham,23
Blackburn,29,"Wed Feb 1, 2017",H,-22,Leeds United,22
Blackburn,30,"Sat Feb 4, 2017",H,-22,QPR,22
Blackburn,31,"Sat Feb 11, 2017",A,-21,Rotherham,21
Blackburn,32,"Tue Feb 14, 2017",A,-21,Sheffield Wednesday,21
Blackburn,33,"Tue Feb 28, 2017",H,-22,Derby,22
Blackburn,34,"Fri Feb 24, 2017",A,-21,Burton Albion,21
Blackburn,35,"Sat Mar 4, 2017",H,-21,Wigan Athletic,21
Blackburn,36,"Tue Mar 7, 2017",H,-20,Cardiff,20
Blackburn,37,"Sat Mar 11, 2017",A,-20,Norwich City,20
Blackburn,38,"Sat Mar 18, 2017",H,-21,Preston,21
Blackburn,39,"Sat Apr 1, 2017",A,-22,Brighton & Hove Albion,22
Blackburn,40,"Tue Apr 4, 2017",A,-22,Reading,22
Blackburn,41,"Sat Apr 8, 2017",H,-22,Barnsley,22
Blackburn,42,"Fri Apr 14, 2017",A,-22,Nottm Forest,22
Blackburn,43,"Mon Apr 17, 2017",H,-22,Bristol City,22
Blackburn,44,"Sat Apr 22, 2017",A,-22,Wolves,22
Blackburn,45,"Sat Apr 29, 2017",H,-22,Aston Villa,22
Blackburn,46,"Sun May 7, 2017",A,-22,Brentford,22
Wigan Athletic,1,"Sat Aug 6, 2016",A,0,Bristol City,0
Wigan Athletic,2,"Sat Aug 13, 2016",H,-17,Blackburn,17
Wigan Athletic,3,"Tue Aug 16, 2016",H,-10,Birmingham,10
Wigan Athletic,4,"Sat Aug 20, 2016",A,-11,Nottm Forest,11
Wigan Athletic,5,"Sat Aug 27, 2016",H,-17,QPR,17
Wigan Athletic,6,"Sat Sep 10, 2016",A,-20,Sheffield Wednesday,20
Wigan Athletic,7,"Tue Sep 13, 2016",A,-21,Norwich City,21
Wigan Athletic,8,"Sat Sep 17, 2016",H,-23,Fulham,23
Wigan Athletic,9,"Fri Sep 23, 2016",A,-22,Preston,22
Wigan Athletic,10,"Tue Sep 27, 2016",H,-24,Wolves,24
Wigan Athletic,11,"Sat Oct 1, 2016",A,-21,Brentford,21
Wigan Athletic,12,"Sat Oct 15, 2016",H,-21,Burton Albion,21
Wigan Athletic,13,"Tue Oct 18, 2016",A,-22,Leeds United,22
Wigan Athletic,14,"Sat Oct 22, 2016",H,-23,Brighton & Hove Albion,23
Wigan Athletic,15,"Sat Oct 29, 2016",A,-23,Cardiff,23
Wigan Athletic,16,"Sat Nov 5, 2016",H,-22,Reading,22
Wigan Athletic,17,"Sat Nov 19, 2016",A,-22,Barnsley,22
Wigan Athletic,18,"Mon Nov 28, 2016",A,-23,Huddersfield,23
Wigan Athletic,19,"Sat Dec 3, 2016",H,-22,Derby,22
Wigan Athletic,20,"Sat Dec 10, 2016",A,-23,Aston Villa,23
Wigan Athletic,21,"Wed Dec 14, 2016",H,-23,Newcastle,23
Wigan Athletic,22,"Sat Dec 17, 2016",H,-23,Ipswich,23
Wigan Athletic,23,"Mon Dec 26, 2016",A,-23,Rotherham,23
Wigan Athletic,24,"Sat Dec 31, 2016",A,-23,Derby,23
Wigan Athletic,25,"Mon Jan 2, 2017",H,-23,Huddersfield,23
Wigan Athletic,26,"Sat Jan 14, 2017",A,-23,Burton Albion,23
Wigan Athletic,27,"Sat Jan 21, 2017",H,-23,Brentford,23
Wigan Athletic,28,"Tue Feb 21, 2017",A,-21,QPR,21
Wigan Athletic,29,"Tue Feb 7, 2017",H,-23,Norwich City,23
Wigan Athletic,30,"Fri Feb 3, 2017",H,-21,Sheffield Wednesday,21
Wigan Athletic,31,"Sat Feb 11, 2017",A,-23,Fulham,23
Wigan Athletic,32,"Tue Feb 14, 2017",A,-23,Wolves,23
Wigan Athletic,33,"Sat Feb 18, 2017",H,-23,Preston,23
Wigan Athletic,34,"Sat Feb 25, 2017",H,-23,Nottm Forest,23
Wigan Athletic,35,"Sat Mar 4, 2017",A,-23,Blackburn,23
Wigan Athletic,36,"Tue Mar 7, 2017",A,-23,Birmingham,23
Wigan Athletic,37,"Sat Mar 11, 2017",H,-23,Bristol City,23
Wigan Athletic,38,"Sat Mar 18, 2017",H,-23,Aston Villa,23
Wigan Athletic,39,"Sat Apr 1, 2017",A,-23,Newcastle,23
Wigan Athletic,40,"Tue Apr 4, 2017",A,-23,Ipswich,23
Wigan Athletic,41,"Sat Apr 8, 2017",H,-23,Rotherham,23
Wigan Athletic,42,"Thu Apr 13, 2017",H,-23,Barnsley,23
Wigan Athletic,43,"Mon Apr 17, 2017",A,-23,Brighton & Hove Albion,23
Wigan Athletic,44,"Sat Apr 22, 2017",H,-23,Cardiff,23
Wigan Athletic,45,"Sat Apr 29, 2017",A,-23,Reading,23
Wigan Athletic,46,"Sun May 7, 2017",H,-23,Leeds United,23
Aston Villa,1,"Sun Aug 7, 2016",A,0,Sheffield Wednesday,0
Aston Villa,2,"Sat Aug 13, 2016",H,-19,Rotherham,19
Aston Villa,3,"Tue Aug 16, 2016",H,-11,Huddersfield,11
Aston Villa,4,"Sat Aug 20, 2016",A,-12,Derby,12
Aston Villa,5,"Sat Aug 27, 2016",A,-12,Bristol City,12
Aston Villa,6,"Sun Sep 11, 2016",H,-16,Nottm Forest,16
Aston Villa,7,"Wed Sep 14, 2016",H,-17,Brentford,17
Aston Villa,8,"Sat Sep 17, 2016",A,-17,Ipswich,17
Aston Villa,9,"Sat Sep 24, 2016",H,-18,Newcastle,18
Aston Villa,10,"Tue Sep 27, 2016",A,-17,Barnsley,17
Aston Villa,11,"Sat Oct 1, 2016",A,-17,Preston,17
Aston Villa,12,"Sat Oct 15, 2016",H,-19,Wolves,19
Aston Villa,13,"Tue Oct 18, 2016",A,-20,Reading,20
Aston Villa,14,"Sat Oct 22, 2016",H,-18,Fulham,18
Aston Villa,15,"Sun Oct 30, 2016",A,-16,Birmingham,16
Aston Villa,16,"Sat Nov 5, 2016",H,-15,Blackburn,15
Aston Villa,17,"Fri Nov 18, 2016",A,-14,Brighton & Hove Albion,14
Aston Villa,18,"Sat Nov 26, 2016",H,-16,Cardiff,16
Aston Villa,19,"Sat Dec 3, 2016",A,-11,Leeds United,11
Aston Villa,20,"Sat Dec 10, 2016",H,-15,Wigan Athletic,15
Aston Villa,21,"Tue Dec 13, 2016",A,-13,Norwich City,13
Aston Villa,22,"Sun Dec 18, 2016",A,-13,QPR,13
Aston Villa,23,"Mon Dec 26, 2016",H,-13,Burton Albion,13
Aston Villa,24,"Thu Dec 29, 2016",H,-10,Leeds United,10
Aston Villa,25,"Mon Jan 2, 2017",A,-10,Cardiff,10
Aston Villa,26,"Sat Jan 14, 2017",A,-12,Wolves,12
Aston Villa,27,"Sat Jan 21, 2017",H,-13,Preston,13
Aston Villa,28,"Tue Feb 28, 2017",H,-13,Bristol City,13
Aston Villa,29,"Tue Jan 31, 2017",A,-12,Brentford,12
Aston Villa,30,"Sat Feb 4, 2017",A,-13,Nottm Forest,13
Aston Villa,31,"Sat Feb 11, 2017",H,-14,Ipswich,14
Aston Villa,32,"Tue Feb 14, 2017",H,-14,Barnsley,14
Aston Villa,33,"Mon Feb 20, 2017",A,-16,Newcastle,16
Aston Villa,34,"Sat Feb 25, 2017",H,-17,Derby,17
Aston Villa,35,"Sat Mar 4, 2017",A,-15,Rotherham,15
Aston Villa,36,"Tue Mar 7, 2017",A,-13,Huddersfield,13
Aston Villa,37,"Sat Mar 11, 2017",H,-15,Sheffield Wednesday,15
Aston Villa,38,"Sat Mar 18, 2017",A,-12,Wigan Athletic,12
Aston Villa,39,"Sat Apr 1, 2017",H,-12,Norwich City,12
Aston Villa,40,"Tue Apr 4, 2017",H,-11,QPR,11
Aston Villa,41,"Sat Apr 8, 2017",A,-11,Burton Albion,11
Aston Villa,42,"Sat Apr 15, 2017",H,-11,Reading,11
Aston Villa,43,"Mon Apr 17, 2017",A,-12,Fulham,12
Aston Villa,44,"Sun Apr 23, 2017",H,-12,Birmingham,12
Aston Villa,45,"Sat Apr 29, 2017",A,-12,Blackburn,12
Aston Villa,46,"Sun May 7, 2017",H,-12,Brighton & Hove Albion,12
Newcastle,1,"Fri Aug 5, 2016",A,0,Fulham,0
Newcastle,2,"Sat Aug 13, 2016",H,-21,Huddersfield,21
Newcastle,3,"Wed Aug 17, 2016",H,-22,Reading,22
Newcastle,4,"Sat Aug 20, 2016",A,-17,Bristol City,17
Newcastle,5,"Sat Aug 27, 2016",H,-7,Brighton & Hove Albion,7
Newcastle,6,"Sat Sep 10, 2016",A,-4,Derby,4
Newcastle,7,"Tue Sep 13, 2016",A,-2,QPR,2
Newcastle,8,"Sat Sep 17, 2016",H,-2,Wolves,2
Newcastle,9,"Sat Sep 24, 2016",A,-3,Aston Villa,3
Newcastle,10,"Wed Sep 28, 2016",H,-5,Norwich City,5
Newcastle,11,"Sat Oct 1, 2016",A,-3,Rotherham,3
Newcastle,12,"Sat Oct 15, 2016",H,-3,Brentford,3
Newcastle,13,"Tue Oct 18, 2016",A,-2,Barnsley,2
Newcastle,14,"Sat Oct 22, 2016",H,-1,Ipswich,1
Newcastle,15,"Sat Oct 29, 2016",A,-1,Preston,1
Newcastle,16,"Sat Nov 5, 2016",H,-1,Cardiff,1
Newcastle,17,"Sun Nov 20, 2016",A,-1,Leeds United,1
Newcastle,18,"Sat Nov 26, 2016",H,-1,Blackburn,1
Newcastle,19,"Fri Dec 2, 2016",A,-1,Nottm Forest,1
Newcastle,20,"Sat Dec 10, 2016",H,-1,Birmingham,1
Newcastle,21,"Wed Dec 14, 2016",A,-1,Wigan Athletic,1
Newcastle,22,"Sat Dec 17, 2016",A,-1,Burton Albion,1
Newcastle,23,"Mon Dec 26, 2016",H,-1,Sheffield Wednesday,1
Newcastle,24,"Fri Dec 30, 2016",H,-2,Nottm Forest,2
Newcastle,25,"Mon Jan 2, 2017",A,-2,Blackburn,2
Newcastle,26,"Sat Jan 14, 2017",A,-2,Brentford,2
Newcastle,27,"Sat Jan 21, 2017",H,-2,Rotherham,2
Newcastle,28,"Tue Feb 28, 2017",A,-2,Brighton & Hove Albion,2
Newcastle,29,"Wed Feb 1, 2017",H,-1,QPR,1
Newcastle,30,"Sat Feb 4, 2017",H,-1,Derby,1
Newcastle,31,"Sat Feb 11, 2017",A,-1,Wolves,1
Newcastle,32,"Tue Feb 14, 2017",A,-1,Norwich City,1
Newcastle,33,"Mon Feb 20, 2017",H,-1,Aston Villa,1
Newcastle,34,"Sat Feb 25, 2017",H,-1,Bristol City,1
Newcastle,35,"Sat Mar 4, 2017",A,-1,Huddersfield,1
Newcastle,36,"Tue Mar 7, 2017",A,-1,Reading,1
Newcastle,37,"Sat Mar 11, 2017",H,-1,Fulham,1
Newcastle,38,"Sat Mar 18, 2017",A,-1,Birmingham,1
Newcastle,39,"Sat Apr 1, 2017",H,-1,Wigan Athletic,1
Newcastle,40,"Wed Apr 5, 2017",H,-1,Burton Albion,1
Newcastle,41,"Sat Apr 8, 2017",A,-1,Sheffield Wednesday,1
Newcastle,42,"Fri Apr 14, 2017",H,-2,Leeds United,2
Newcastle,43,"Mon Apr 17, 2017",A,-2,Ipswich,2
Newcastle,44,"Mon Apr 24, 2017",H,-2,Preston,2
Newcastle,45,"Fri Apr 28, 2017",A,-2,Cardiff,2
Newcastle,46,"Sun May 7, 2017",H,-2,Barnsley,2
Norwich City,1,"Sat Aug 6, 2016",A,0,Blackburn,0
Norwich City,2,"Sat Aug 13, 2016",H,-1,Sheffield Wednesday,1
Norwich City,3,"Tue Aug 16, 2016",H,-5,Bristol City,5
Norwich City,4,"Sun Aug 21, 2016",A,-2,Ipswich,2
Norwich City,5,"Sat Aug 27, 2016",A,-4,Birmingham,4
Norwich City,6,"Sat Sep 10, 2016",H,-12,Cardiff,12
Norwich City,7,"Tue Sep 13, 2016",H,-5,Wigan Athletic,5
Norwich City,8,"Sat Sep 17, 2016",A,-4,Nottm Forest,4
Norwich City,9,"Sat Sep 24, 2016",H,-2,Burton Albion,2
Norwich City,10,"Wed Sep 28, 2016",A,-1,Newcastle,1
Norwich City,11,"Sat Oct 1, 2016",A,-2,Wolves,2
Norwich City,12,"Sat Oct 15, 2016",H,-2,Rotherham,2
Norwich City,13,"Tue Oct 18, 2016",A,-1,Fulham,1
Norwich City,14,"Sat Oct 22, 2016",H,-2,Preston,2
Norwich City,15,"Sat Oct 29, 2016",A,-4,Brighton & Hove Albion,4
Norwich City,16,"Sat Nov 5, 2016",H,-4,Leeds United,4
Norwich City,17,"Sat Nov 19, 2016",A,-5,QPR,5
Norwich City,18,"Sat Nov 26, 2016",A,-6,Derby,6
Norwich City,19,"Sat Dec 3, 2016",H,-8,Brentford,8
Norwich City,20,"Sat Dec 10, 2016",A,-7,Barnsley,7
Norwich City,21,"Tue Dec 13, 2016",H,-9,Aston Villa,9
Norwich City,22,"Fri Dec 16, 2016",H,-9,Huddersfield,9
Norwich City,23,"Mon Dec 26, 2016",A,-10,Reading,10
Norwich City,24,"Sat Dec 31, 2016",A,-12,Brentford,12
Norwich City,25,"Mon Jan 2, 2017",H,-12,Derby,12
Norwich City,26,"Sat Jan 14, 2017",A,-9,Rotherham,9
Norwich City,27,"Sat Jan 21, 2017",H,-11,Wolves,11
Norwich City,28,"Sat Jan 28, 2017",H,-10,Birmingham,10
Norwich City,29,"Tue Feb 7, 2017",A,-9,Wigan Athletic,9
Norwich City,30,"Sat Feb 4, 2017",A,-9,Cardiff,9
Norwich City,31,"Sat Feb 11, 2017",H,-7,Nottm Forest,7
Norwich City,32,"Tue Feb 14, 2017",H,-7,Newcastle,7
Norwich City,33,"Sat Feb 18, 2017",A,-7,Burton Albion,7
Norwich City,34,"Sun Feb 26, 2017",H,-8,Ipswich,8
Norwich City,35,"Sat Mar 4, 2017",A,-8,Sheffield Wednesday,8
Norwich City,36,"Tue Mar 7, 2017",A,-8,Bristol City,8
Norwich City,37,"Sat Mar 11, 2017",H,-8,Blackburn,8
Norwich City,38,"Sat Mar 18, 2017",H,-9,Barnsley,9
Norwich City,39,"Sat Apr 1, 2017",A,-8,Aston Villa,8
Norwich City,40,"Wed Apr 5, 2017",A,-9,Huddersfield,9
Norwich City,41,"Sat Apr 8, 2017",H,-10,Reading,10
Norwich City,42,"Fri Apr 14, 2017",H,-10,Fulham,10
Norwich City,43,"Mon Apr 17, 2017",A,-10,Preston,10
Norwich City,44,"Fri Apr 21, 2017",H,-8,Brighton & Hove Albion,8
Norwich City,45,"Sat Apr 29, 2017",A,-8,Leeds United,8
Norwich City,46,"Sun May 7, 2017",H,-8,QPR,8
Derby,1,"Sat Aug 6, 2016",H,0,Brighton & Hove Albion,0
Derby,2,"Sat Aug 13, 2016",A,-12,Barnsley,12
Derby,3,"Tue Aug 16, 2016",A,-17,Preston,17
Derby,4,"Sat Aug 20, 2016",H,-16,Aston Villa,16
Derby,5,"Fri Aug 26, 2016",A,-16,Burton Albion,16
Derby,6,"Sat Sep 10, 2016",H,-18,Newcastle,18
Derby,7,"Tue Sep 13, 2016",H,-19,Ipswich,19
Derby,8,"Sat Sep 17, 2016",A,-21,Bristol City,21
Derby,9,"Sat Sep 24, 2016",H,-20,Blackburn,20
Derby,10,"Tue Sep 27, 2016",A,-22,Cardiff,22
Derby,11,"Sat Oct 1, 2016",A,-20,Reading,20
Derby,12,"Sat Oct 15, 2016",H,-20,Leeds United,20
Derby,13,"Tue Oct 18, 2016",H,-19,Brentford,19
Derby,14,"Sat Oct 22, 2016",A,-20,Huddersfield,20
Derby,15,"Sat Oct 29, 2016",H,-21,Sheffield Wednesday,21
Derby,16,"Sat Nov 5, 2016",A,-19,Wolves,19
Derby,17,"Sat Nov 19, 2016",H,-16,Rotherham,16
Derby,18,"Sat Nov 26, 2016",H,-12,Norwich City,12
Derby,19,"Sat Dec 3, 2016",A,-9,Wigan Athletic,9
Derby,20,"Sun Dec 11, 2016",H,-9,Nottm Forest,9
Derby,21,"Wed Dec 14, 2016",A,-5,QPR,5
Derby,22,"Sat Dec 17, 2016",A,-5,Fulham,5
Derby,23,"Tue Dec 27, 2016",H,-7,Birmingham,7
Derby,24,"Sat Dec 31, 2016",H,-7,Wigan Athletic,7
Derby,25,"Mon Jan 2, 2017",A,-7,Norwich City,7
Derby,26,"Fri Jan 13, 2017",A,-7,Leeds United,7
Derby,27,"Sat Jan 21, 2017",H,-7,Reading,7
Derby,28,"Tue Feb 21, 2017",H,-7,Burton Albion,7
Derby,29,"Tue Jan 31, 2017",A,-8,Ipswich,8
Derby,30,"Sat Feb 4, 2017",A,-6,Newcastle,6
Derby,31,"Sat Feb 11, 2017",H,-8,Bristol City,8
Derby,32,"Tue Feb 14, 2017",H,-8,Cardiff,8
Derby,33,"Tue Feb 28, 2017",A,-10,Blackburn,10
Derby,34,"Sat Feb 25, 2017",A,-11,Aston Villa,11
Derby,35,"Sat Mar 4, 2017",H,-11,Barnsley,11
Derby,36,"Tue Mar 7, 2017",H,-10,Preston,10
Derby,37,"Fri Mar 10, 2017",A,-10,Brighton & Hove Albion,10
Derby,38,"Sat Mar 18, 2017",A,-10,Nottm Forest,10
Derby,39,"Fri Mar 31, 2017",H,-10,QPR,10
Derby,40,"Tue Apr 4, 2017",H,-10,Fulham,10
Derby,41,"Sat Apr 8, 2017",A,-9,Birmingham,9
Derby,42,"Fri Apr 14, 2017",A,-8,Brentford,8
Derby,43,"Mon Apr 17, 2017",H,-8,Huddersfield,8
Derby,44,"Sat Apr 22, 2017",A,-9,Sheffield Wednesday,9
Derby,45,"Sat Apr 29, 2017",H,-10,Wolves,10
Derby,46,"Sun May 7, 2017",A,-9,Rotherham,9
Sheffield Wednesday,1,Sun 07.08.2016,H,-4,Aston Villa,4
Sheffield Wednesday,2,Sat 13.08.2016,A,-9,Norwich City,9
Sheffield Wednesday,3,Tue 16.08.2016,A,-9,Burton Albion,9
Sheffield Wednesday,4,Sat 20.08.2016,H,-15,Leeds United,15
Sheffield Wednesday,5,Sat 27.08.2016,A,-20,Brentford,20
Sheffield Wednesday,6,Sat 10.09.2016,H,-19,Wigan Athletic,19
Sheffield Wednesday,7,Tue 13.09.2016,H,-16,Bristol City,16
Sheffield Wednesday,8,Sat 17.09.2016,A,-11,Birmingham,11
Sheffield Wednesday,9,Sat 24.09.2016,H,-14,Nottm Forest,14
Sheffield Wednesday,10,Tue 27.09.2016,A,-11,Blackburn,11
Sheffield Wednesday,11,Sat 01.10.2016,H,-8,Brighton & Hove Albion,8
Sheffield Wednesday,12,Sun 16.10.2016,A,-9,Huddersfield,9
Sheffield Wednesday,13,Wed 19.10.2016,A,-7,Cardiff,7
Sheffield Wednesday,14,Sat 22.10.2016,H,-6,QPR,6
Sheffield Wednesday,15,Sat 29.10.2016,A,-5,Derby,5
Sheffield Wednesday,16,Sat 05.11.2016,H,-8,Ipswich,8
Sheffield Wednesday,17,Sat 19.11.2016,A,-10,Fulham,10
Sheffield Wednesday,18,Sat 26.11.2016,A,-9,Wolves,9
Sheffield Wednesday,19,Sat 03.12.2016,H,-7,Preston,7
Sheffield Wednesday,20,Sat 10.12.2016,A,-6,Reading,6
Sheffield Wednesday,21,Tue 13.12.2016,H,-7,Barnsley,7
Sheffield Wednesday,22,Sat 17.12.2016,H,-7,Rotherham,7
Sheffield Wednesday,23,Mon 26.12.2016,A,-6,Newcastle,6
Sheffield Wednesday,24,Sat 31.12.2016,A,-6,Preston,6
Sheffield Wednesday,25,Mon 02.01.2017,H,-6,Wolves,6
Sheffield Wednesday,26,Sat 14.01.2017,H,-6,Huddersfield,6
Sheffield Wednesday,27,Fri 20.01.2017,A,-6,Brighton & Hove Albion,6
Sheffield Wednesday,29,Tue 31.01.2017,A,-6,Bristol City,6
Sheffield Wednesday,30,Fri 03.02.2017,A,-7,Wigan Athletic,7
Sheffield Wednesday,31,Fri 10.02.2017,H,-6,Birmingham,6
Sheffield Wednesday,32,Tue 14.02.2017,H,-6,Blackburn,6
Sheffield Wednesday,33,Sat 18.02.2017,A,-6,Nottm Forest,6
Sheffield Wednesday,28,Tue 21.02.2017,H,-6,Brentford,6
Sheffield Wednesday,34,Sat 25.02.2017,A,-6,Leeds United,6
Sheffield Wednesday,35,Sat 04.03.2017,H,-6,Norwich City,6
Sheffield Wednesday,36,Tue 07.03.2017,H,-6,Burton Albion,6
Sheffield Wednesday,37,Sat 11.03.2017,A,-6,Aston Villa,6
Sheffield Wednesday,38,Fri 17.03.2017,H,-6,Reading,6
Sheffield Wednesday,39,Sat 01.04.2017,A,-6,Barnsley,6
Sheffield Wednesday,40,Tue 04.04.2017,A,-7,Rotherham,7
Sheffield Wednesday,41,Sat 08.04.2017,H,-6,Newcastle,6
Sheffield Wednesday,42,Fri 14.04.2017,H,-6,Cardiff,6
Sheffield Wednesday,43,Mon 17.04.2017,A,-6,QPR,6
Sheffield Wednesday,44,Sat 22.04.2017,H,-5,Derby,5
Sheffield Wednesday,45,Sat 29.04.2017,A,-5,Ipswich,5
Sheffield Wednesday,46,Sun 07.05.2017,H,-4,Fulham,4
Fulham,1,"Fri Aug 5, 2016",H,0,Newcastle,0
Fulham,2,"Sat Aug 13, 2016",A,-7,Preston,7
Fulham,3,"Tue Aug 16, 2016",A,-4,Leeds United,4
Fulham,4,"Sat Aug 20, 2016",H,-4,Cardiff,4
Fulham,5,"Sat Aug 27, 2016",A,-5,Blackburn,5
Fulham,6,"Sat Sep 10, 2016",H,-2,Birmingham,2
Fulham,7,"Tue Sep 13, 2016",H,-6,Burton Albion,6
Fulham,8,"Sat Sep 17, 2016",A,-6,Wigan Athletic,6
Fulham,9,"Sat Sep 24, 2016",H,-9,Bristol City,9
Fulham,10,"Tue Sep 27, 2016",A,-13,Nottm Forest,13
Fulham,11,"Sat Oct 1, 2016",H,-12,QPR,12
Fulham,12,"Sat Oct 15, 2016",A,-14,Barnsley,14
Fulham,13,"Tue Oct 18, 2016",H,-10,Norwich City,10
Fulham,14,"Sat Oct 22, 2016",A,-11,Aston Villa,11
Fulham,15,"Sat Oct 29, 2016",H,-14,Huddersfield,14
Fulham,16,"Fri Nov 4, 2016",A,-11,Brentford,11
Fulham,17,"Sat Nov 19, 2016",H,-8,Sheffield Wednesday,8
Fulham,18,"Sat Nov 26, 2016",A,-8,Brighton & Hove Albion,8
Fulham,19,"Sat Dec 3, 2016",H,-10,Reading,10
Fulham,20,"Sat Dec 10, 2016",A,-10,Wolves,10
Fulham,21,"Tue Dec 13, 2016",H,-10,Rotherham,10
Fulham,22,"Sat Dec 17, 2016",H,-10,Derby,10
Fulham,23,"Mon Dec 26, 2016",A,-9,Ipswich,9
Fulham,24,"Tue Jan 24, 2017",A,-8,Reading,8
Fulham,25,"Mon Jan 2, 2017",H,-8,Brighton & Hove Albion,8
Fulham,26,"Sat Jan 14, 2017",H,-10,Barnsley,10
Fulham,27,"Sat Jan 21, 2017",A,-8,QPR,8
Fulham,28,"Tue Mar 14, 2017",H,-9,Blackburn,9
Fulham,29,"Wed Feb 1, 2017",A,-10,Burton Albion,10
Fulham,30,"Sat Feb 4, 2017",A,-8,Birmingham,8
Fulham,31,"Sat Feb 11, 2017",H,-10,Wigan Athletic,10
Fulham,32,"Tue Feb 14, 2017",H,-9,Nottm Forest,9
Fulham,33,"Wed Feb 22, 2017",A,-8,Bristol City,8
Fulham,34,"Sat Feb 25, 2017",A,-7,Cardiff,7
Fulham,35,"Sat Mar 4, 2017",H,-7,Preston,7
Fulham,36,"Tue Mar 7, 2017",H,-7,Leeds United,7
Fulham,37,"Sat Mar 11, 2017",A,-7,Newcastle,7
Fulham,38,"Sat Mar 18, 2017",H,-7,Wolves,7
Fulham,39,"Sat Apr 1, 2017",A,-7,Rotherham,7
Fulham,40,"Tue Apr 4, 2017",A,-6,Derby,6
Fulham,41,"Sat Apr 8, 2017",H,-7,Ipswich,7
Fulham,42,"Fri Apr 14, 2017",A,-7,Norwich City,7
Fulham,43,"Mon Apr 17, 2017",H,-7,Aston Villa,7
Fulham,44,"Sat Apr 22, 2017",A,-6,Huddersfield,6
Fulham,45,"Sat Apr 29, 2017",H,-6,Brentford,6
Fulham,46,"Sun May 7, 2017",A,-6,Sheffield Wednesday,6
Wolves,1,"Sat Aug 6, 2016",A,0,Rotherham,0
Wolves,2,"Sat Aug 13, 2016",H,-10,Reading,10
Wolves,3,"Tue Aug 16, 2016",H,-7,Ipswich,7
Wolves,4,"Sat Aug 20, 2016",A,-9,Birmingham,9
Wolves,5,"Sat Aug 27, 2016",A,-3,Huddersfield,3
Wolves,6,"Sat Sep 10, 2016",H,-9,Burton Albion,9
Wolves,7,"Tue Sep 13, 2016",H,-12,Barnsley,12
Wolves,8,"Sat Sep 17, 2016",A,-16,Newcastle,16
Wolves,9,"Sat Sep 24, 2016",H,-10,Brentford,10
Wolves,10,"Tue Sep 27, 2016",A,-8,Wigan Athletic,8
Wolves,11,"Sat Oct 1, 2016",H,-11,Norwich City,11
Wolves,12,"Sat Oct 15, 2016",A,-12,Aston Villa,12
Wolves,13,"Tue Oct 18, 2016",A,-12,Brighton & Hove Albion,12
Wolves,14,"Sat Oct 22, 2016",H,-16,Leeds United,16
Wolves,15,"Sat Oct 29, 2016",A,-18,Blackburn,18
Wolves,16,"Sat Nov 5, 2016",H,-17,Derby,17
Wolves,17,"Sat Nov 19, 2016",A,-19,Preston,19
Wolves,18,"Sat Nov 26, 2016",H,-19,Sheffield Wednesday,19
Wolves,19,"Thu Dec 1, 2016",A,-21,QPR,21
Wolves,20,"Sat Dec 10, 2016",H,-20,Fulham,20
Wolves,21,"Tue Dec 13, 2016",A,-19,Cardiff,19
Wolves,22,"Sat Dec 17, 2016",A,-20,Nottm Forest,20
Wolves,23,"Mon Dec 26, 2016",H,-18,Bristol City,18
Wolves,24,"Sat Dec 31, 2016",H,-15,QPR,15
Wolves,25,"Mon Jan 2, 2017",A,-16,Sheffield Wednesday,16
Wolves,26,"Sat Jan 14, 2017",H,-16,Aston Villa,16
Wolves,27,"Sat Jan 21, 2017",A,-16,Norwich City,16
Wolves,28,"Tue Apr 25, 2017",H,-18,Huddersfield,18
Wolves,29,"Tue Jan 31, 2017",A,-18,Barnsley,18
Wolves,30,"Sat Feb 4, 2017",A,-17,Burton Albion,17
Wolves,31,"Sat Feb 11, 2017",H,-19,Newcastle,19
Wolves,32,"Tue Feb 14, 2017",H,-19,Wigan Athletic,19
Wolves,33,"Tue Mar 14, 2017",A,-19,Brentford,19
Wolves,34,"Fri Feb 24, 2017",H,-18,Birmingham,18
Wolves,35,"Sat Mar 4, 2017",A,-18,Reading,18
Wolves,36,"Tue Mar 7, 2017",A,-19,Ipswich,19
Wolves,37,"Sat Mar 11, 2017",H,-19,Rotherham,19
Wolves,38,"Sat Mar 18, 2017",A,-18,Fulham,18
Wolves,39,"Sat Apr 1, 2017",H,-16,Cardiff,16
Wolves,40,"Tue Apr 4, 2017",H,-16,Nottm Forest,16
Wolves,41,"Sat Apr 8, 2017",A,-15,Bristol City,15
Wolves,42,"Fri Apr 14, 2017",H,-15,Brighton & Hove Albion,15
Wolves,43,"Mon Apr 17, 2017",A,-16,Leeds United,16
Wolves,44,"Sat Apr 22, 2017",H,-16,Blackburn,16
Wolves,45,"Sat Apr 29, 2017",A,-15,Derby,15
Wolves,46,"Sun May 7, 2017",H,-15,Preston,15
Nottm Forest,1,"Sat Aug 6, 2016",H,0,Burton Albion,0
Nottm Forest,2,"Fri Aug 12, 2016",A,-4,Brighton & Hove Albion,4
Nottm Forest,3,"Tue Aug 16, 2016",A,-16,Brentford,16
Nottm Forest,4,"Sat Aug 20, 2016",H,-19,Wigan Athletic,19
Nottm Forest,5,"Sat Aug 27, 2016",H,-11,Leeds United,11
Nottm Forest,6,"Sun Sep 11, 2016",A,-7,Aston Villa,7
Nottm Forest,7,"Wed Sep 14, 2016",A,-10,Rotherham,10
Nottm Forest,8,"Sat Sep 17, 2016",H,-10,Norwich City,10
Nottm Forest,9,"Sat Sep 24, 2016",A,-13,Sheffield Wednesday,13
Nottm Forest,10,"Tue Sep 27, 2016",H,-15,Fulham,15
Nottm Forest,11,"Sat Oct 1, 2016",A,-15,Bristol City,15
Nottm Forest,12,"Fri Oct 14, 2016",H,-18,Birmingham,18
Nottm Forest,13,"Tue Oct 18, 2016",A,-15,Blackburn,15
Nottm Forest,14,"Sat Oct 22, 2016",H,-17,Cardiff,17
Nottm Forest,15,"Sat Oct 29, 2016",A,-19,Reading,19
Nottm Forest,16,"Sat Nov 5, 2016",H,-20,QPR,20
Nottm Forest,17,"Sat Nov 19, 2016",A,-20,Ipswich,20
Nottm Forest,18,"Fri Nov 25, 2016",A,-18,Barnsley,18
Nottm Forest,19,"Fri Dec 2, 2016",H,-17,Newcastle,17
Nottm Forest,20,"Sun Dec 11, 2016",A,-13,Derby,13
Nottm Forest,21,"Wed Dec 14, 2016",H,-16,Preston,16
Nottm Forest,22,"Sat Dec 17, 2016",H,-16,Wolves,16
Nottm Forest,23,"Mon Dec 26, 2016",A,-17,Huddersfield,17
Nottm Forest,24,"Fri Dec 30, 2016",A,-18,Newcastle,18
Nottm Forest,25,"Mon Jan 2, 2017",H,-18,Barnsley,18
Nottm Forest,26,"Sat Jan 14, 2017",A,-20,Birmingham,20
Nottm Forest,27,"Sat Jan 21, 2017",H,-20,Bristol City,20
Nottm Forest,28,"Wed Jan 25, 2017",A,-19,Leeds United,19
Nottm Forest,29,"Tue Jan 31, 2017",H,-19,Rotherham,19
Nottm Forest,30,"Sat Feb 4, 2017",H,-19,Aston Villa,19
Nottm Forest,31,"Sat Feb 11, 2017",A,-16,Norwich City,16
Nottm Forest,32,"Tue Feb 14, 2017",A,-18,Fulham,18
Nottm Forest,33,"Sat Feb 18, 2017",H,-18,Sheffield Wednesday,18
Nottm Forest,34,"Sat Feb 25, 2017",A,-19,Wigan Athletic,19
Nottm Forest,35,"Sat Mar 4, 2017",H,-19,Brighton & Hove Albion,19
Nottm Forest,36,"Tue Mar 7, 2017",H,-18,Brentford,18
Nottm Forest,37,"Sat Mar 11, 2017",A,-18,Burton Albion,18
Nottm Forest,38,"Sat Mar 18, 2017",H,-20,Derby,20
Nottm Forest,39,"Sat Apr 1, 2017",A,-20,Preston,20
Nottm Forest,40,"Tue Apr 4, 2017",A,-20,Wolves,20
Nottm Forest,41,"Sat Apr 8, 2017",H,-20,Huddersfield,20
Nottm Forest,42,"Fri Apr 14, 2017",H,-19,Blackburn,19
Nottm Forest,43,"Mon Apr 17, 2017",A,-20,Cardiff,20
Nottm Forest,44,"Sat Apr 22, 2017",H,-21,Reading,21
Nottm Forest,45,"Sat Apr 29, 2017",A,-20,QPR,20
Nottm Forest,46,"Sun May 7, 2017",H,-21,Ipswich,21
Cardiff,1,"Sat Aug 6, 2016",A,0,Birmingham,0
Cardiff,2,"Sun Aug 14, 2016",H,-14,QPR,14
Cardiff,3,"Wed Aug 17, 2016",H,-18,Blackburn,18
Cardiff,4,"Sat Aug 20, 2016",A,-14,Fulham,14
Cardiff,5,"Sat Aug 27, 2016",H,-15,Reading,15
Cardiff,6,"Sat Sep 10, 2016",A,-17,Norwich City,17
Cardiff,7,"Tue Sep 13, 2016",A,-18,Preston,18
Cardiff,8,"Sat Sep 17, 2016",H,-22,Leeds United,22
Cardiff,9,"Sat Sep 24, 2016",A,-24,Rotherham,24
Cardiff,10,"Tue Sep 27, 2016",H,-21,Derby,21
Cardiff,11,"Sat Oct 1, 2016",A,-23,Burton Albion,23
Cardiff,12,"Fri Oct 14, 2016",H,-23,Bristol City,23
Cardiff,13,"Wed Oct 19, 2016",H,-21,Sheffield Wednesday,21
Cardiff,14,"Sat Oct 22, 2016",A,-22,Nottm Forest,22
Cardiff,15,"Sat Oct 29, 2016",H,-20,Wigan Athletic,20
Cardiff,16,"Sat Nov 5, 2016",A,-21,Newcastle,21
Cardiff,17,"Sat Nov 19, 2016",H,-21,Huddersfield,21
Cardiff,18,"Sat Nov 26, 2016",A,-21,Aston Villa,21
Cardiff,19,"Sat Dec 3, 2016",H,-23,Brighton & Hove Albion,23
Cardiff,20,"Sat Dec 10, 2016",A,-22,Ipswich,22
Cardiff,21,"Tue Dec 13, 2016",H,-22,Wolves,22
Cardiff,22,"Sat Dec 17, 2016",H,-19,Barnsley,19
Cardiff,23,"Mon Dec 26, 2016",A,-20,Brentford,20
Cardiff,24,"Tue Jan 24, 2017",A,-19,Brighton & Hove Albion,19
Cardiff,25,"Mon Jan 2, 2017",H,-21,Aston Villa,21
Cardiff,26,"Sat Jan 14, 2017",A,-19,Bristol City,19
Cardiff,27,"Sat Jan 21, 2017",H,-18,Burton Albion,18
Cardiff,28,"Sat Jan 28, 2017",A,-16,Reading,16
Cardiff,29,"Tue Jan 31, 2017",H,-17,Preston,17
Cardiff,30,"Sat Feb 4, 2017",H,-16,Norwich City,16
Cardiff,31,"Sat Feb 11, 2017",A,-18,Leeds United,18
Cardiff,32,"Tue Feb 14, 2017",A,-16,Derby,16
Cardiff,33,"Sat Feb 18, 2017",H,-12,Rotherham,12
Cardiff,34,"Sat Feb 25, 2017",H,-12,Fulham,12
Cardiff,35,"Sat Mar 4, 2017",A,-12,QPR,12
Cardiff,36,"Tue Mar 7, 2017",A,-12,Blackburn,12
Cardiff,37,"Sat Mar 11, 2017",H,-13,Birmingham,13
Cardiff,38,"Sat Mar 18, 2017",H,-13,Ipswich,13
Cardiff,39,"Sat Apr 1, 2017",A,-13,Wolves,13
Cardiff,40,"Tue Apr 4, 2017",A,-14,Barnsley,14
Cardiff,41,"Sat Apr 8, 2017",H,-14,Brentford,14
Cardiff,42,"Fri Apr 14, 2017",A,-14,Sheffield Wednesday,14
Cardiff,43,"Mon Apr 17, 2017",H,-14,Nottm Forest,14
Cardiff,44,"Sat Apr 22, 2017",A,-13,Wigan Athletic,13
Cardiff,45,"Fri Apr 28, 2017",H,-13,Newcastle,13
Cardiff,46,"Sun May 7, 2017",A,-13,Huddersfield,13
QPR,1,"Sun Aug 7, 2016",H,-18,Leeds United,18
QPR,2,"Sun Aug 14, 2016",A,-2,Cardiff,2
QPR,3,"Wed Aug 17, 2016",A,-1,Barnsley,1
QPR,4,"Sat Aug 20, 2016",H,-5,Preston,5
QPR,5,"Sat Aug 27, 2016",A,-6,Wigan Athletic,6
QPR,6,"Sat Sep 10, 2016",H,-5,Blackburn,5
QPR,7,"Tue Sep 13, 2016",H,-7,Newcastle,7
QPR,8,"Sat Sep 17, 2016",A,-14,Huddersfield,14
QPR,9,"Sat Sep 24, 2016",H,-16,Birmingham,16
QPR,10,"Tue Sep 27, 2016",A,-16,Burton Albion,16
QPR,11,"Sat Oct 1, 2016",A,-16,Fulham,16
QPR,12,"Sat Oct 15, 2016",H,-13,Reading,13
QPR,13,"Tue Oct 18, 2016",H,-14,Bristol City,14
QPR,14,"Sat Oct 22, 2016",A,-9,Sheffield Wednesday,9
QPR,15,"Fri Oct 28, 2016",H,-13,Brentford,13
QPR,16,"Sat Nov 5, 2016",A,-14,Nottm Forest,14
QPR,17,"Sat Nov 19, 2016",H,-17,Norwich City,17
QPR,18,"Sat Nov 26, 2016",A,-13,Ipswich,13
QPR,19,"Thu Dec 1, 2016",H,-15,Wolves,15
QPR,20,"Sat Dec 10, 2016",A,-17,Rotherham,17
QPR,21,"Wed Dec 14, 2016",H,-18,Derby,18
QPR,22,"Sun Dec 18, 2016",H,-18,Aston Villa,18
QPR,23,"Tue Dec 27, 2016",A,-19,Brighton & Hove Albion,19
QPR,24,"Sat Dec 31, 2016",A,-20,Wolves,20
QPR,25,"Mon Jan 2, 2017",H,-19,Ipswich,19
QPR,26,"Thu Jan 12, 2017",A,-17,Reading,17
QPR,27,"Sat Jan 21, 2017",H,-17,Fulham,17
QPR,28,"Tue Feb 21, 2017",H,-17,Wigan Athletic,17
QPR,29,"Wed Feb 1, 2017",A,-15,Newcastle,15
QPR,30,"Sat Feb 4, 2017",A,-15,Blackburn,15
QPR,31,"Sat Feb 11, 2017",H,-15,Huddersfield,15
QPR,32,"Sat Jan 28, 2017",H,-17,Burton Albion,17
QPR,33,"Sat Feb 18, 2017",A,-17,Birmingham,17
QPR,34,"Sat Feb 25, 2017",A,-15,Preston,15
QPR,35,"Sat Mar 4, 2017",H,-17,Cardiff,17
QPR,36,"Tue Mar 7, 2017",H,-16,Barnsley,16
QPR,37,"Sat Mar 11, 2017",A,-14,Leeds United,14
QPR,38,"Sat Mar 18, 2017",H,-15,Rotherham,15
QPR,39,"Fri Mar 31, 2017",A,-15,Derby,15
QPR,40,"Tue Apr 4, 2017",A,-15,Aston Villa,15
QPR,41,"Fri Apr 7, 2017",H,-16,Brighton & Hove Albion,16
QPR,42,"Fri Apr 14, 2017",A,-16,Bristol City,16
QPR,43,"Mon Apr 17, 2017",H,-17,Sheffield Wednesday,17
QPR,44,"Sat Apr 22, 2017",A,-17,Brentford,17
QPR,45,"Sat Apr 29, 2017",H,-19,Nottm Forest,19
QPR,46,"Sun May 7, 2017",A,-18,Norwich City,18
Brighton & Hove Albion,1,"Sat Aug 6, 2016",A,0,Derby,0
Brighton & Hove Albion,2,"Fri Aug 12, 2016",H,-15,Nottm Forest,15
Brighton & Hove Albion,3,"Tue Aug 16, 2016",H,-6,Rotherham,6
Brighton & Hove Albion,4,"Sat Aug 20, 2016",A,-1,Reading,1
Brighton & Hove Albion,5,"Sat Aug 27, 2016",A,-2,Newcastle,2
Brighton & Hove Albion,6,"Sat Sep 10, 2016",H,-8,Brentford,8
Brighton & Hove Albion,7,"Tue Sep 13, 2016",H,-13,Huddersfield,13
Brighton & Hove Albion,8,"Sat Sep 17, 2016",A,-7,Burton Albion,7
Brighton & Hove Albion,9,"Sat Sep 24, 2016",H,-7,Barnsley,7
Brighton & Hove Albion,10,"Tue Sep 27, 2016",A,-3,Ipswich,3
Brighton & Hove Albion,11,"Sat Oct 1, 2016",A,-4,Sheffield Wednesday,4
Brighton & Hove Albion,12,"Sat Oct 15, 2016",H,-4,Preston,4
Brighton & Hove Albion,13,"Tue Oct 18, 2016",H,-4,Wolves,4
Brighton & Hove Albion,14,"Sat Oct 22, 2016",A,-3,Wigan Athletic,3
Brighton & Hove Albion,15,"Sat Oct 29, 2016",H,-2,Norwich City,2
Brighton & Hove Albion,16,"Sat Nov 5, 2016",A,-2,Bristol City,2
Brighton & Hove Albion,17,"Fri Nov 18, 2016",H,-2,Aston Villa,2
Brighton & Hove Albion,18,"Sat Nov 26, 2016",H,-2,Fulham,2
Brighton & Hove Albion,19,"Sat Dec 3, 2016",A,-2,Cardiff,2
Brighton & Hove Albion,20,"Fri Dec 9, 2016",H,-2,Leeds United,2
Brighton & Hove Albion,21,"Tue Dec 13, 2016",A,-2,Blackburn,2
Brighton & Hove Albion,22,"Sat Dec 17, 2016",A,-2,Birmingham,2
Brighton & Hove Albion,23,"Tue Dec 27, 2016",H,-2,QPR,2
Brighton & Hove Albion,24,"Tue Jan 24, 2017",H,-1,Cardiff,1
Brighton & Hove Albion,25,"Mon Jan 2, 2017",A,-1,Fulham,1
Brighton & Hove Albion,26,"Sat Jan 14, 2017",A,-1,Preston,1
Brighton & Hove Albion,27,"Fri Jan 20, 2017",H,-1,Sheffield Wednesday,1
Brighton & Hove Albion,28,"Tue Feb 28, 2017",H,-1,Newcastle,1
Brighton & Hove Albion,29,"Thu Feb 2, 2017",A,-2,Huddersfield,2
Brighton & Hove Albion,30,"Sun Feb 5, 2017",A,-2,Brentford,2
Brighton & Hove Albion,31,"Sat Feb 11, 2017",H,-2,Burton Albion,2
Brighton & Hove Albion,32,"Tue Feb 14, 2017",H,-2,Ipswich,2
Brighton & Hove Albion,33,"Sat Feb 18, 2017",A,-2,Barnsley,2
Brighton & Hove Albion,34,"Sat Feb 25, 2017",H,-2,Reading,2
Brighton & Hove Albion,35,"Sat Mar 4, 2017",A,-2,Nottm Forest,2
Brighton & Hove Albion,36,"Tue Mar 7, 2017",A,-2,Rotherham,2
Brighton & Hove Albion,37,"Fri Mar 10, 2017",H,-2,Derby,2
Brighton & Hove Albion,38,"Sat Mar 18, 2017",A,-2,Leeds United,2
Brighton & Hove Albion,39,"Sat Apr 1, 2017",H,-2,Blackburn,2
Brighton & Hove Albion,40,"Tue Apr 4, 2017",H,-2,Birmingham,2
Brighton & Hove Albion,41,"Fri Apr 7, 2017",A,-2,QPR,2
Brighton & Hove Albion,42,"Fri Apr 14, 2017",A,-1,Wolves,1
Brighton & Hove Albion,43,"Mon Apr 17, 2017",H,-1,Wigan Athletic,1
Brighton & Hove Albion,44,"Fri Apr 21, 2017",A,-1,Norwich City,1
Brighton & Hove Albion,45,"Sat Apr 29, 2017",H,-1,Bristol City,1
Brighton & Hove Albion,46,"Sun May 7, 2017",A,-1,Aston Villa,1
Reading,1,"Sat Aug 6, 2016",H,0,Preston,0
Reading,2,"Sat Aug 13, 2016",A,-8,Wolves,8
Reading,3,"Wed Aug 17, 2016",A,-15,Newcastle,15
Reading,4,"Sat Aug 20, 2016",H,-20,Brighton & Hove Albion,20
Reading,5,"Sat Aug 27, 2016",A,-21,Cardiff,21
Reading,6,"Fri Sep 9, 2016",H,-15,Ipswich,15
Reading,7,"Tue Sep 13, 2016",H,-11,Birmingham,11
Reading,8,"Sat Sep 17, 2016",A,-12,Barnsley,12
Reading,9,"Sat Sep 24, 2016",H,-8,Huddersfield,8
Reading,10,"Tue Sep 27, 2016",A,-4,Brentford,4
Reading,11,"Sat Oct 1, 2016",H,-9,Derby,9
Reading,12,"Sat Oct 15, 2016",A,-8,QPR,8
Reading,13,"Tue Oct 18, 2016",H,-8,Aston Villa,8
Reading,14,"Sat Oct 22, 2016",A,-10,Rotherham,10
Reading,15,"Sat Oct 29, 2016",H,-8,Nottm Forest,8
Reading,16,"Sat Nov 5, 2016",A,-5,Wigan Athletic,5
Reading,17,"Sat Nov 19, 2016",H,-4,Burton Albion,4
Reading,18,"Sat Nov 26, 2016",H,-3,Bristol City,3
Reading,19,"Sat Dec 3, 2016",A,-3,Fulham,3
Reading,20,"Sat Dec 10, 2016",H,-3,Sheffield Wednesday,3
Reading,21,"Tue Dec 13, 2016",A,-3,Leeds United,3
Reading,22,"Sat Dec 17, 2016",A,-3,Blackburn,3
Reading,23,"Mon Dec 26, 2016",H,-3,Norwich City,3
Reading,24,"Tue Jan 24, 2017",H,-3,Fulham,3
Reading,25,"Mon Jan 2, 2017",A,-3,Bristol City,3
Reading,26,"Thu Jan 12, 2017",H,-3,QPR,3
Reading,27,"Sat Jan 21, 2017",A,-3,Derby,3
Reading,28,"Sat Jan 28, 2017",H,-3,Cardiff,3
Reading,29,"Tue Jan 31, 2017",A,-3,Birmingham,3
Reading,30,"Sat Feb 4, 2017",A,-3,Ipswich,3
Reading,31,"Sat Feb 11, 2017",H,-4,Barnsley,4
Reading,32,"Tue Feb 14, 2017",H,-4,Brentford,4
Reading,33,"Tue Feb 21, 2017",A,-4,Huddersfield,4
Reading,34,"Sat Feb 25, 2017",A,-4,Brighton & Hove Albion,4
Reading,35,"Sat Mar 4, 2017",H,-5,Wolves,5
Reading,36,"Tue Mar 7, 2017",H,-5,Newcastle,5
Reading,37,"Sat Mar 11, 2017",A,-5,Preston,5
Reading,38,"Fri Mar 17, 2017",A,-5,Sheffield Wednesday,5
Reading,39,"Sat Apr 1, 2017",H,-5,Leeds United,5
Reading,40,"Tue Apr 4, 2017",H,-4,Blackburn,4
Reading,41,"Sat Apr 8, 2017",A,-4,Norwich City,4
Reading,42,"Sat Apr 15, 2017",A,-4,Aston Villa,4
Reading,43,"Mon Apr 17, 2017",H,-4,Rotherham,4
Reading,44,"Sat Apr 22, 2017",A,-4,Nottm Forest,4
Reading,45,"Sat Apr 29, 2017",H,-4,Wigan Athletic,4
Reading,46,"Sun May 7, 2017",A,-3,Burton Albion,3
Leeds United,1,"Sun Aug 7, 2016",A,-7,QPR,7
Leeds United,2,"Sat Aug 13, 2016",H,-24,Birmingham,24
Leeds United,3,"Tue Aug 16, 2016",H,-23,Fulham,23
Leeds United,4,"Sat Aug 20, 2016",A,-21,Sheffield Wednesday,21
Leeds United,5,"Sat Aug 27, 2016",A,-19,Nottm Forest,19
Leeds United,6,"Sat Sep 10, 2016",H,-21,Huddersfield,21
Leeds United,7,"Tue Sep 13, 2016",H,-22,Blackburn,22
Leeds United,8,"Sat Sep 17, 2016",A,-18,Cardiff,18
Leeds United,9,"Sat Sep 24, 2016",H,-15,Ipswich,15
Leeds United,10,"Tue Sep 27, 2016",A,-12,Bristol City,12
Leeds United,11,"Sat Oct 1, 2016",H,-14,Barnsley,14
Leeds United,12,"Sat Oct 15, 2016",A,-11,Derby,11
Leeds United,13,"Tue Oct 18, 2016",H,-13,Wigan Athletic,13
Leeds United,14,"Sat Oct 22, 2016",A,-14,Wolves,14
Leeds United,15,"Sat Oct 29, 2016",H,-10,Burton Albion,10
Leeds United,16,"Sat Nov 5, 2016",A,-9,Norwich City,9
Leeds United,17,"Sun Nov 20, 2016",H,-6,Newcastle,6
Leeds United,18,"Sat Nov 26, 2016",A,-7,Rotherham,7
Leeds United,19,"Sat Dec 3, 2016",H,-5,Aston Villa,5
Leeds United,20,"Fri Dec 9, 2016",A,-4,Brighton & Hove Albion,4
Leeds United,21,"Tue Dec 13, 2016",H,-6,Reading,6
Leeds United,22,"Sat Dec 17, 2016",H,-6,Brentford,6
Leeds United,23,"Mon Dec 26, 2016",A,-5,Preston,5
Leeds United,24,"Thu Dec 29, 2016",A,-5,Aston Villa,5
Leeds United,25,"Mon Jan 2, 2017",H,-5,Rotherham,5
Leeds United,26,"Fri Jan 13, 2017",H,-5,Derby,5
Leeds United,27,"Sat Jan 21, 2017",A,-4,Barnsley,4
Leeds United,28,"Wed Jan 25, 2017",H,-5,Nottm Forest,5
Leeds United,29,"Wed Feb 1, 2017",A,-5,Blackburn,5
Leeds United,30,"Sun Feb 5, 2017",A,-5,Huddersfield,5
Leeds United,31,"Sat Feb 11, 2017",H,-5,Cardiff,5
Leeds United,32,"Tue Feb 14, 2017",H,-5,Bristol City,5
Leeds United,33,"Sat Feb 18, 2017",A,-5,Ipswich,5
Leeds United,34,"Sat Feb 25, 2017",H,-5,Sheffield Wednesday,5
Leeds United,35,"Fri Mar 3, 2017",A,-4,Birmingham,4
Leeds United,36,"Tue Mar 7, 2017",A,-4,Fulham,4
Leeds United,37,"Sat Mar 11, 2017",H,-4,QPR,4
Leeds United,38,"Sat Mar 18, 2017",H,-4,Brighton & Hove Albion,4
Leeds United,39,"Sat Apr 1, 2017",A,-4,Reading,4
Leeds United,40,"Tue Apr 4, 2017",A,-5,Brentford,5
Leeds United,41,"Sat Apr 8, 2017",H,-5,Preston,5
Leeds United,42,"Fri Apr 14, 2017",A,-5,Newcastle,5
Leeds United,43,"Mon Apr 17, 2017",H,-5,Wolves,5
Leeds United,44,"Sat Apr 22, 2017",A,-7,Burton Albion,7
Leeds United,45,"Sat Apr 29, 2017",H,-7,Norwich City,7
Leeds United,46,"Sun May 7, 2017",A,-7,Wigan Athletic,7
Birmingham,1,"Sat Aug 6, 2016",H,0,Cardiff,0
Birmingham,2,"Sat Aug 13, 2016",A,-13,Leeds United,13
Birmingham,3,"Tue Aug 16, 2016",A,-8,Wigan Athletic,8
Birmingham,4,"Sat Aug 20, 2016",H,-10,Wolves,10
Birmingham,5,"Sat Aug 27, 2016",H,-14,Norwich City,14
Birmingham,6,"Sat Sep 10, 2016",A,-10,Fulham,10
Birmingham,7,"Tue Sep 13, 2016",A,-4,Reading,4
Birmingham,8,"Sat Sep 17, 2016",H,-5,Sheffield Wednesday,5
Birmingham,9,"Sat Sep 24, 2016",A,-5,QPR,5
Birmingham,10,"Tue Sep 27, 2016",H,-6,Preston,6
Birmingham,11,"Sat Oct 1, 2016",H,-7,Blackburn,7
Birmingham,12,"Fri Oct 14, 2016",A,-6,Nottm Forest,6
Birmingham,13,"Tue Oct 18, 2016",H,-6,Rotherham,6
Birmingham,14,"Fri Oct 21, 2016",A,-5,Burton Albion,5
Birmingham,15,"Sun Oct 30, 2016",H,-7,Aston Villa,7
Birmingham,16,"Sat Nov 5, 2016",A,-7,Huddersfield,7
Birmingham,17,"Sat Nov 19, 2016",H,-7,Bristol City,7
Birmingham,18,"Sat Nov 26, 2016",A,-5,Brentford,5
Birmingham,19,"Sat Dec 3, 2016",H,-4,Barnsley,4
Birmingham,20,"Sat Dec 10, 2016",A,-5,Newcastle,5
Birmingham,21,"Tue Dec 13, 2016",H,-8,Ipswich,8
Birmingham,22,"Sat Dec 17, 2016",H,-8,Brighton & Hove Albion,8
Birmingham,23,"Tue Dec 27, 2016",A,-8,Derby,8
Birmingham,24,"Sat Dec 31, 2016",A,-11,Barnsley,11
Birmingham,25,"Mon Jan 2, 2017",H,-11,Brentford,11
Birmingham,26,"Sat Jan 14, 2017",H,-13,Nottm Forest,13
Birmingham,27,"Sat Jan 21, 2017",A,-12,Blackburn,12
Birmingham,28,"Sat Jan 28, 2017",A,-12,Norwich City,12
Birmingham,29,"Tue Jan 31, 2017",H,-13,Reading,13
Birmingham,30,"Sat Feb 4, 2017",H,-14,Fulham,14
Birmingham,31,"Fri Feb 10, 2017",A,-13,Sheffield Wednesday,13
Birmingham,32,"Tue Feb 14, 2017",A,-13,Preston,13
Birmingham,33,"Sat Feb 18, 2017",H,-15,QPR,15
Birmingham,34,"Fri Feb 24, 2017",A,-16,Wolves,16
Birmingham,35,"Fri Mar 3, 2017",H,-14,Leeds United,14
Birmingham,36,"Tue Mar 7, 2017",H,-17,Wigan Athletic,17
Birmingham,37,"Sat Mar 11, 2017",A,-17,Cardiff,17
Birmingham,38,"Sat Mar 18, 2017",H,-17,Newcastle,17
Birmingham,39,"Sat Apr 1, 2017",A,-18,Ipswich,18
Birmingham,40,"Tue Apr 4, 2017",A,-18,Brighton & Hove Albion,18
Birmingham,41,"Sat Apr 8, 2017",H,-18,Derby,18
Birmingham,42,"Fri Apr 14, 2017",A,-18,Rotherham,18
Birmingham,43,"Mon Apr 17, 2017",H,-19,Burton Albion,19
Birmingham,44,"Sun Apr 23, 2017",A,-20,Aston Villa,20
Birmingham,45,"Sat Apr 29, 2017",H,-21,Huddersfield,21
Birmingham,46,"Sun May 7, 2017",A,-20,Bristol City,20
Bristol City,1,"Sat Aug 6, 2016",H,0,Wigan Athletic,0
Bristol City,2,"Sat Aug 13, 2016",A,-5,Burton Albion,5
Bristol City,3,"Tue Aug 16, 2016",A,-2,Norwich City,2
Bristol City,4,"Sat Aug 20, 2016",H,-8,Newcastle,8
Bristol City,5,"Sat Aug 27, 2016",H,-10,Aston Villa,10
Bristol City,6,"Sat Sep 10, 2016",A,-6,Rotherham,6
Bristol City,7,"Tue Sep 13, 2016",A,-9,Sheffield Wednesday,9
Bristol City,8,"Sat Sep 17, 2016",H,-13,Derby,13
Bristol City,9,"Sat Sep 24, 2016",A,-12,Fulham,12
Bristol City,10,"Tue Sep 27, 2016",H,-10,Leeds United,10
Bristol City,11,"Sat Oct 1, 2016",H,-6,Nottm Forest,6
Bristol City,12,"Fri Oct 14, 2016",A,-5,Cardiff,5
Bristol City,13,"Tue Oct 18, 2016",A,-5,QPR,5
Bristol City,14,"Sat Oct 22, 2016",H,-7,Blackburn,7
Bristol City,15,"Sat Oct 29, 2016",A,-6,Barnsley,6
Bristol City,16,"Sat Nov 5, 2016",H,-6,Brighton & Hove Albion,6
Bristol City,17,"Sat Nov 19, 2016",A,-9,Birmingham,9
Bristol City,18,"Sat Nov 26, 2016",A,-10,Reading,10
Bristol City,19,"Sat Dec 3, 2016",H,-13,Ipswich,13
Bristol City,20,"Sat Dec 10, 2016",A,-11,Huddersfield,11
Bristol City,21,"Tue Dec 13, 2016",H,-14,Brentford,14
Bristol City,22,"Sat Dec 17, 2016",H,-15,Preston,15
Bristol City,23,"Mon Dec 26, 2016",A,-16,Wolves,16
Bristol City,24,"Fri Dec 30, 2016",A,-17,Ipswich,17
Bristol City,25,"Mon Jan 2, 2017",H,-17,Reading,17
Bristol City,26,"Sat Jan 14, 2017",H,-18,Cardiff,18
Bristol City,27,"Sat Jan 21, 2017",A,-19,Nottm Forest,19
Bristol City,28,"Tue Feb 28, 2017",A,-20,Aston Villa,20
Bristol City,29,"Tue Jan 31, 2017",H,-20,Sheffield Wednesday,20
Bristol City,30,"Sat Feb 4, 2017",H,-20,Rotherham,20
Bristol City,31,"Sat Feb 11, 2017",A,-20,Derby,20
Bristol City,32,"Tue Feb 14, 2017",A,-20,Leeds United,20
Bristol City,33,"Wed Feb 22, 2017",H,-20,Fulham,20
Bristol City,34,"Sat Feb 25, 2017",A,-22,Newcastle,22
Bristol City,35,"Sat Mar 4, 2017",H,-22,Burton Albion,22
Bristol City,36,"Tue Mar 7, 2017",H,-22,Norwich City,22
Bristol City,37,"Sat Mar 11, 2017",A,-22,Wigan Athletic,22
Bristol City,38,"Fri Mar 17, 2017",H,-22,Huddersfield,22
Bristol City,39,"Sat Apr 1, 2017",A,-19,Brentford,19
Bristol City,40,"Tue Apr 4, 2017",A,-21,Preston,21
Bristol City,41,"Sat Apr 8, 2017",H,-21,Wolves,21
Bristol City,42,"Fri Apr 14, 2017",H,-21,QPR,21
Bristol City,43,"Mon Apr 17, 2017",A,-18,Blackburn,18
Bristol City,44,"Sat Apr 22, 2017",H,-18,Barnsley,18
Bristol City,45,"Sat Apr 29, 2017",A,-17,Brighton & Hove Albion,17
Bristol City,46,"Sun May 7, 2017",H,-17,Birmingham,17
Ipswich,1,"Sat Aug 6, 2016",H,0,Barnsley,0
Ipswich,2,"Sat Aug 13, 2016",A,-3,Brentford,3
Ipswich,3,"Tue Aug 16, 2016",A,-14,Wolves,14
Ipswich,4,"Sun Aug 21, 2016",H,-13,Norwich City,13
Ipswich,5,"Sat Aug 27, 2016",H,-13,Preston,13
Ipswich,6,"Fri Sep 9, 2016",A,-11,Reading,11
Ipswich,7,"Tue Sep 13, 2016",A,-15,Derby,15
Ipswich,8,"Sat Sep 17, 2016",H,-9,Aston Villa,9
Ipswich,9,"Sat Sep 24, 2016",A,-11,Leeds United,11
Ipswich,10,"Tue Sep 27, 2016",H,-14,Brighton & Hove Albion,14
Ipswich,11,"Sat Oct 1, 2016",H,-13,Huddersfield,13
Ipswich,12,"Sat Oct 15, 2016",A,-16,Blackburn,16
Ipswich,13,"Tue Oct 18, 2016",H,-17,Burton Albion,17
Ipswich,14,"Sat Oct 22, 2016",A,-12,Newcastle,12
Ipswich,15,"Sat Oct 29, 2016",H,-17,Rotherham,17
Ipswich,16,"Sat Nov 5, 2016",A,-16,Sheffield Wednesday,16
Ipswich,17,"Sat Nov 19, 2016",H,-15,Nottm Forest,15
Ipswich,18,"Sat Nov 26, 2016",H,-17,QPR,17
Ipswich,19,"Sat Dec 3, 2016",A,-14,Bristol City,14
Ipswich,20,"Sat Dec 10, 2016",H,-16,Cardiff,16
Ipswich,21,"Tue Dec 13, 2016",A,-17,Birmingham,17
Ipswich,22,"Sat Dec 17, 2016",A,-17,Wigan Athletic,17
Ipswich,23,"Mon Dec 26, 2016",H,-15,Fulham,15
Ipswich,24,"Fri Dec 30, 2016",H,-16,Bristol City,16
Ipswich,25,"Mon Jan 2, 2017",A,-14,QPR,14
Ipswich,26,"Sat Jan 14, 2017",H,-15,Blackburn,15
Ipswich,27,"Sat Jan 21, 2017",A,-14,Huddersfield,14
Ipswich,28,"Sat Jan 28, 2017",A,-14,Preston,14
Ipswich,29,"Tue Jan 31, 2017",H,-16,Derby,16
Ipswich,30,"Sat Feb 4, 2017",H,-18,Reading,18
Ipswich,31,"Sat Feb 11, 2017",A,-17,Aston Villa,17
Ipswich,32,"Tue Feb 14, 2017",A,-15,Brighton & Hove Albion,15
Ipswich,33,"Sat Feb 18, 2017",H,-14,Leeds United,14
Ipswich,34,"Sun Feb 26, 2017",A,-13,Norwich City,13
Ipswich,35,"Sat Mar 4, 2017",H,-16,Brentford,16
Ipswich,36,"Tue Mar 7, 2017",H,-15,Wolves,15
Ipswich,37,"Sat Mar 11, 2017",A,-16,Barnsley,16
Ipswich,38,"Sat Mar 18, 2017",A,-16,Cardiff,16
Ipswich,39,"Sat Apr 1, 2017",H,-17,Birmingham,17
Ipswich,40,"Tue Apr 4, 2017",H,-17,Wigan Athletic,17
Ipswich,41,"Sat Apr 8, 2017",A,-17,Fulham,17
Ipswich,42,"Fri Apr 14, 2017",A,-17,Burton Albion,17
Ipswich,43,"Mon Apr 17, 2017",H,-15,Newcastle,15
Ipswich,44,"Sat Apr 22, 2017",A,-15,Rotherham,15
Ipswich,45,"Sat Apr 29, 2017",H,-16,Sheffield Wednesday,16
Ipswich,46,"Sun May 7, 2017",A,-16,Nottm Forest,16
Huddersfield,1,"Sat Aug 6, 2016",H,0,Brentford,0
Huddersfield,2,"Sat Aug 13, 2016",A,-6,Newcastle,6
Huddersfield,3,"Tue Aug 16, 2016",A,-3,Aston Villa,3
Huddersfield,4,"Sat Aug 20, 2016",H,-3,Barnsley,3
Huddersfield,5,"Sat Aug 27, 2016",H,-1,Wolves,1
Huddersfield,6,"Sat Sep 10, 2016",A,-1,Leeds United,1
Huddersfield,7,"Tue Sep 13, 2016",A,-1,Brighton & Hove Albion,1
Huddersfield,8,"Sat Sep 17, 2016",H,-1,QPR,1
Huddersfield,9,"Sat Sep 24, 2016",A,-1,Reading,1
Huddersfield,10,"Tue Sep 27, 2016",H,-2,Rotherham,2
Huddersfield,11,"Sat Oct 1, 2016",A,-1,Ipswich,1
Huddersfield,12,"Sun Oct 16, 2016",H,-1,Sheffield Wednesday,1
Huddersfield,13,"Wed Oct 19, 2016",A,-3,Preston,3
Huddersfield,14,"Sat Oct 22, 2016",H,-4,Derby,4
Huddersfield,15,"Sat Oct 29, 2016",A,-3,Fulham,3
Huddersfield,16,"Sat Nov 5, 2016",H,-3,Birmingham,3
Huddersfield,17,"Sat Nov 19, 2016",A,-3,Cardiff,3
Huddersfield,18,"Mon Nov 28, 2016",H,-4,Wigan Athletic,4
Huddersfield,19,"Sat Dec 3, 2016",A,-6,Blackburn,6
Huddersfield,20,"Sat Dec 10, 2016",H,-8,Bristol City,8
Huddersfield,21,"Tue Dec 13, 2016",A,-4,Burton Albion,4
Huddersfield,22,"Fri Dec 16, 2016",A,-4,Norwich City,4
Huddersfield,23,"Mon Dec 26, 2016",H,-4,Nottm Forest,4
Huddersfield,24,"Sat Dec 31, 2016",H,-4,Blackburn,4
Huddersfield,25,"Mon Jan 2, 2017",A,-4,Wigan Athletic,4
Huddersfield,26,"Sat Jan 14, 2017",A,-4,Sheffield Wednesday,4
Huddersfield,27,"Sat Jan 21, 2017",H,-5,Ipswich,5
Huddersfield,28,"Tue Apr 25, 2017",A,-4,Wolves,4
Huddersfield,29,"Thu Feb 2, 2017",H,-4,Brighton & Hove Albion,4
Huddersfield,30,"Sun Feb 5, 2017",H,-4,Leeds United,4
Huddersfield,31,"Sat Feb 11, 2017",A,-3,QPR,3
Huddersfield,32,"Tue Feb 14, 2017",A,-3,Rotherham,3
Huddersfield,33,"Tue Feb 21, 2017",H,-3,Reading,3
Huddersfield,34,"Sat Feb 25, 2017",A,-3,Barnsley,3
Huddersfield,35,"Sat Mar 4, 2017",H,-3,Newcastle,3
Huddersfield,36,"Tue Mar 7, 2017",H,-3,Aston Villa,3
Huddersfield,37,"Sat Mar 11, 2017",A,-3,Brentford,3
Huddersfield,38,"Fri Mar 17, 2017",A,-3,Bristol City,3
Huddersfield,39,"Sat Apr 1, 2017",H,-3,Burton Albion,3
Huddersfield,40,"Wed Apr 5, 2017",H,-3,Norwich City,3
Huddersfield,41,"Sat Apr 8, 2017",A,-3,Nottm Forest,3
Huddersfield,42,"Fri Apr 14, 2017",H,-3,Preston,3
Huddersfield,43,"Mon Apr 17, 2017",A,-3,Derby,3
Huddersfield,44,"Sat Apr 22, 2017",H,-3,Fulham,3
Huddersfield,45,"Sat Apr 29, 2017",A,-3,Birmingham,3
Huddersfield,46,"Sun May 7, 2017",H,-5,Cardiff,5
Rotherham,1,"Sat Aug 6, 2016",H,0,Wolves,0
Rotherham,2,"Sat Aug 13, 2016",A,-11,Aston Villa,11
Rotherham,3,"Tue Aug 16, 2016",A,-19,Brighton & Hove Albion,19
Rotherham,4,"Sat Aug 20, 2016",H,-22,Brentford,22
Rotherham,5,"Sat Aug 27, 2016",A,-22,Barnsley,22
Rotherham,6,"Sat Sep 10, 2016",H,-22,Bristol City,22
Rotherham,7,"Wed Sep 14, 2016",H,-20,Nottm Forest,20
Rotherham,8,"Sat Sep 17, 2016",A,-20,Blackburn,20
Rotherham,9,"Sat Sep 24, 2016",H,-21,Cardiff,21
Rotherham,10,"Tue Sep 27, 2016",A,-23,Huddersfield,23
Rotherham,11,"Sat Oct 1, 2016",H,-24,Newcastle,24
Rotherham,12,"Sat Oct 15, 2016",A,-24,Norwich City,24
Rotherham,13,"Tue Oct 18, 2016",A,-24,Birmingham,24
Rotherham,14,"Sat Oct 22, 2016",H,-24,Reading,24
Rotherham,15,"Sat Oct 29, 2016",A,-24,Ipswich,24
Rotherham,16,"Sat Nov 5, 2016",H,-24,Preston,24
Rotherham,17,"Sat Nov 19, 2016",A,-24,Derby,24
Rotherham,18,"Sat Nov 26, 2016",H,-24,Leeds United,24
Rotherham,19,"Sat Dec 3, 2016",A,-24,Burton Albion,24
Rotherham,20,"Sat Dec 10, 2016",H,-24,QPR,24
Rotherham,21,"Tue Dec 13, 2016",A,-24,Fulham,24
Rotherham,22,"Sat Dec 17, 2016",A,-24,Sheffield Wednesday,24
Rotherham,23,"Mon Dec 26, 2016",H,-24,Wigan Athletic,24
Rotherham,24,"Thu Dec 29, 2016",H,-24,Burton Albion,24
Rotherham,25,"Mon Jan 2, 2017",A,-24,Leeds United,24
Rotherham,26,"Sat Jan 14, 2017",H,-24,Norwich City,24
Rotherham,27,"Sat Jan 21, 2017",A,-24,Newcastle,24
Rotherham,28,"Sat Jan 28, 2017",H,-24,Barnsley,24
Rotherham,29,"Tue Jan 31, 2017",A,-24,Nottm Forest,24
Rotherham,30,"Sat Feb 4, 2017",A,-24,Bristol City,24
Rotherham,31,"Sat Feb 11, 2017",H,-24,Blackburn,24
Rotherham,32,"Tue Feb 14, 2017",H,-24,Huddersfield,24
Rotherham,33,"Sat Feb 18, 2017",A,-24,Cardiff,24
Rotherham,34,"Sat Feb 25, 2017",A,-24,Brentford,24
Rotherham,35,"Sat Mar 4, 2017",H,-24,Aston Villa,24
Rotherham,36,"Tue Mar 7, 2017",H,-24,Brighton & Hove Albion,24
Rotherham,37,"Sat Mar 11, 2017",A,-24,Wolves,24
Rotherham,38,"Sat Mar 18, 2017",A,-24,QPR,24
Rotherham,39,"Sat Apr 1, 2017",H,-24,Fulham,24
Rotherham,40,"Tue Apr 4, 2017",H,-24,Sheffield Wednesday,24
Rotherham,41,"Sat Apr 8, 2017",A,-24,Wigan Athletic,24
Rotherham,42,"Fri Apr 14, 2017",H,-24,Birmingham,24
Rotherham,43,"Mon Apr 17, 2017",A,-24,Reading,24
Rotherham,44,"Sat Apr 22, 2017",H,-24,Ipswich,24
Rotherham,45,"Sat Apr 29, 2017",A,-24,Preston,24
Rotherham,46,"Sun May 7, 2017",H,-24,Derby,24
Burton Albion,1,"Sat Aug 6, 2016",A,0,Nottm Forest,0
Burton Albion,2,"Sat Aug 13, 2016",H,-16,Bristol City,16
Burton Albion,3,"Tue Aug 16, 2016",H,-20,Sheffield Wednesday,20
Burton Albion,4,"Sat Aug 20, 2016",A,-18,Blackburn,18
Burton Albion,5,"Fri Aug 26, 2016",H,-18,Derby,18
Burton Albion,6,"Sat Sep 10, 2016",A,-13,Wolves,13
Burton Albion,7,"Tue Sep 13, 2016",A,-14,Fulham,14
Burton Albion,8,"Sat Sep 17, 2016",H,-15,Brighton & Hove Albion,15
Burton Albion,9,"Sat Sep 24, 2016",A,-17,Norwich City,17
Burton Albion,10,"Tue Sep 27, 2016",H,-18,QPR,18
Burton Albion,11,"Sat Oct 1, 2016",H,-18,Cardiff,18
Burton Albion,12,"Sat Oct 15, 2016",A,-15,Wigan Athletic,15
Burton Albion,13,"Tue Oct 18, 2016",A,-16,Ipswich,16
Burton Albion,14,"Fri Oct 21, 2016",H,-19,Birmingham,19
Burton Albion,15,"Sat Oct 29, 2016",A,-15,Leeds United,15
Burton Albion,16,"Sat Nov 5, 2016",H,-18,Barnsley,18
Burton Albion,17,"Sat Nov 19, 2016",A,-18,Reading,18
Burton Albion,18,"Sat Nov 26, 2016",A,-20,Preston,20
Burton Albion,19,"Sat Dec 3, 2016",H,-19,Rotherham,19
Burton Albion,20,"Sat Dec 10, 2016",A,-19,Brentford,19
Burton Albion,21,"Tue Dec 13, 2016",H,-20,Huddersfield,20
Burton Albion,22,"Sat Dec 17, 2016",H,-21,Newcastle,21
Burton Albion,23,"Mon Dec 26, 2016",A,-21,Aston Villa,21
Burton Albion,24,"Thu Dec 29, 2016",A,-21,Rotherham,21
Burton Albion,25,"Mon Jan 2, 2017",H,-20,Preston,20
Burton Albion,26,"Sat Jan 14, 2017",H,-21,Wigan Athletic,21
Burton Albion,27,"Sat Jan 21, 2017",A,-21,Cardiff,21
Burton Albion,28,"Tue Feb 21, 2017",A,-22,Derby,22
Burton Albion,29,"Wed Feb 1, 2017",H,-21,Fulham,21
Burton Albion,30,"Sat Feb 4, 2017",H,-23,Wolves,23
Burton Albion,31,"Sat Feb 11, 2017",A,-22,Brighton & Hove Albion,22
Burton Albion,32,"Sat Jan 28, 2017",A,-22,QPR,22
Burton Albion,33,"Sat Feb 18, 2017",H,-21,Norwich City,21
Burton Albion,34,"Fri Feb 24, 2017",H,-20,Blackburn,20
Burton Albion,35,"Sat Mar 4, 2017",A,-20,Bristol City,20
Burton Albion,36,"Tue Mar 7, 2017",A,-21,Sheffield Wednesday,21
Burton Albion,37,"Sat Mar 11, 2017",H,-21,Nottm Forest,21
Burton Albion,38,"Sat Mar 18, 2017",H,-19,Brentford,19
Burton Albion,39,"Sat Apr 1, 2017",A,-21,Huddersfield,21
Burton Albion,40,"Wed Apr 5, 2017",A,-19,Newcastle,19
Burton Albion,41,"Sat Apr 8, 2017",H,-19,Aston Villa,19
Burton Albion,42,"Fri Apr 14, 2017",H,-20,Ipswich,20
Burton Albion,43,"Mon Apr 17, 2017",A,-21,Birmingham,21
Burton Albion,44,"Sat Apr 22, 2017",H,-19,Leeds United,19
Burton Albion,45,"Sat Apr 29, 2017",A,-18,Barnsley,18
Burton Albion,46,"Sun May 7, 2017",H,-19,Reading,19
Barnsley,1,"Sat Aug 6, 2016",A,0,Ipswich,0
Barnsley,2,"Sat Aug 13, 2016",H,-22,Derby,22
Barnsley,3,"Wed Aug 17, 2016",H,-13,QPR,13
Barnsley,4,"Sat Aug 20, 2016",A,-7,Huddersfield,7
Barnsley,5,"Sat Aug 27, 2016",H,-9,Rotherham,9
Barnsley,6,"Sat Sep 10, 2016",A,-3,Preston,3
Barnsley,7,"Tue Sep 13, 2016",A,-3,Wolves,3
Barnsley,8,"Sat Sep 17, 2016",H,-3,Reading,3
Barnsley,9,"Sat Sep 24, 2016",A,-4,Brighton & Hove Albion,4
Barnsley,10,"Tue Sep 27, 2016",H,-7,Aston Villa,7
Barnsley,11,"Sat Oct 1, 2016",A,-10,Leeds United,10
Barnsley,12,"Sat Oct 15, 2016",H,-10,Fulham,10
Barnsley,13,"Tue Oct 18, 2016",H,-11,Newcastle,11
Barnsley,14,"Sat Oct 22, 2016",A,-15,Brentford,15
Barnsley,15,"Sat Oct 29, 2016",H,-12,Bristol City,12
Barnsley,16,"Sat Nov 5, 2016",A,-12,Burton Albion,12
Barnsley,17,"Sat Nov 19, 2016",H,-13,Wigan Athletic,13
Barnsley,18,"Fri Nov 25, 2016",H,-15,Nottm Forest,15
Barnsley,19,"Sat Dec 3, 2016",A,-18,Birmingham,18
Barnsley,20,"Sat Dec 10, 2016",H,-12,Norwich City,12
Barnsley,21,"Tue Dec 13, 2016",A,-11,Sheffield Wednesday,11
Barnsley,22,"Sat Dec 17, 2016",A,-12,Cardiff,12
Barnsley,23,"Mon Dec 26, 2016",H,-12,Blackburn,12
Barnsley,24,"Sat Dec 31, 2016",H,-9,Birmingham,9
Barnsley,25,"Mon Jan 2, 2017",A,-9,Nottm Forest,9
Barnsley,26,"Sat Jan 14, 2017",A,-8,Fulham,8
Barnsley,27,"Sat Jan 21, 2017",H,-10,Leeds United,10
Barnsley,28,"Sat Jan 28, 2017",A,-8,Rotherham,8
Barnsley,29,"Tue Jan 31, 2017",H,-7,Wolves,7
Barnsley,30,"Sat Feb 4, 2017",H,-10,Preston,10
Barnsley,31,"Sat Feb 11, 2017",A,-9,Reading,9
Barnsley,32,"Tue Feb 14, 2017",A,-10,Aston Villa,10
Barnsley,33,"Sat Feb 18, 2017",H,-9,Brighton & Hove Albion,9
Barnsley,34,"Sat Feb 25, 2017",H,-9,Huddersfield,9
Barnsley,35,"Sat Mar 4, 2017",A,-10,Derby,10
Barnsley,36,"Tue Mar 7, 2017",A,-11,QPR,11
Barnsley,37,"Sat Mar 11, 2017",H,-11,Ipswich,11
Barnsley,38,"Sat Mar 18, 2017",A,-11,Norwich City,11
Barnsley,39,"Sat Apr 1, 2017",H,-11,Sheffield Wednesday,11
Barnsley,40,"Tue Apr 4, 2017",H,-13,Cardiff,13
Barnsley,41,"Sat Apr 8, 2017",A,-13,Blackburn,13
Barnsley,42,"Thu Apr 13, 2017",A,-13,Wigan Athletic,13
Barnsley,43,"Mon Apr 17, 2017",H,-13,Brentford,13
Barnsley,44,"Sat Apr 22, 2017",A,-14,Bristol City,14
Barnsley,45,"Sat Apr 29, 2017",H,-14,Burton Albion,14
Barnsley,46,"Sun May 7, 2017",A,-14,Newcastle,14
Preston,1,"Sat Aug 6, 2016",A,0,Reading,0
Preston,2,"Sat Aug 13, 2016",H,-20,Fulham,20
Preston,3,"Tue Aug 16, 2016",H,-21,Derby,21
Preston,4,"Sat Aug 20, 2016",A,-23,QPR,23
Preston,5,"Sat Aug 27, 2016",A,-23,Ipswich,23
Preston,6,"Sat Sep 10, 2016",H,-23,Barnsley,23
Preston,7,"Tue Sep 13, 2016",H,-23,Cardiff,23
Preston,8,"Sat Sep 17, 2016",A,-19,Brentford,19
Preston,9,"Fri Sep 23, 2016",H,-19,Wigan Athletic,19
Preston,10,"Tue Sep 27, 2016",A,-19,Birmingham,19
Preston,11,"Sat Oct 1, 2016",H,-19,Aston Villa,19
Preston,12,"Sat Oct 15, 2016",A,-17,Brighton & Hove Albion,17
Preston,13,"Wed Oct 19, 2016",H,-18,Huddersfield,18
Preston,14,"Sat Oct 22, 2016",A,-13,Norwich City,13
Preston,15,"Sat Oct 29, 2016",H,-9,Newcastle,9
Preston,16,"Sat Nov 5, 2016",A,-13,Rotherham,13
Preston,17,"Sat Nov 19, 2016",H,-11,Wolves,11
Preston,18,"Sat Nov 26, 2016",H,-11,Burton Albion,11
Preston,19,"Sat Dec 3, 2016",A,-12,Sheffield Wednesday,12
Preston,20,"Sat Dec 10, 2016",H,-14,Blackburn,14
Preston,21,"Wed Dec 14, 2016",A,-12,Nottm Forest,12
Preston,22,"Sat Dec 17, 2016",A,-11,Bristol City,11
Preston,23,"Mon Dec 26, 2016",H,-11,Leeds United,11
Preston,24,"Sat Dec 31, 2016",H,-13,Sheffield Wednesday,13
Preston,25,"Mon Jan 2, 2017",A,-13,Burton Albion,13
Preston,26,"Sat Jan 14, 2017",H,-11,Brighton & Hove Albion,11
Preston,27,"Sat Jan 21, 2017",A,-9,Aston Villa,9
Preston,28,"Sat Jan 28, 2017",H,-11,Ipswich,11
Preston,29,"Tue Jan 31, 2017",A,-11,Cardiff,11
Preston,30,"Sat Feb 4, 2017",A,-11,Barnsley,11
Preston,31,"Sat Feb 11, 2017",H,-11,Brentford,11
Preston,32,"Tue Feb 14, 2017",H,-11,Birmingham,11
Preston,33,"Sat Feb 18, 2017",A,-11,Wigan Athletic,11
Preston,34,"Sat Feb 25, 2017",H,-10,QPR,10
Preston,35,"Sat Mar 4, 2017",A,-9,Fulham,9
Preston,36,"Tue Mar 7, 2017",A,-9,Derby,9
Preston,37,"Sat Mar 11, 2017",H,-9,Reading,9
Preston,38,"Sat Mar 18, 2017",A,-8,Blackburn,8
Preston,39,"Sat Apr 1, 2017",H,-9,Nottm Forest,9
Preston,40,"Tue Apr 4, 2017",H,-8,Bristol City,8
Preston,41,"Sat Apr 8, 2017",A,-8,Leeds United,8
Preston,42,"Fri Apr 14, 2017",A,-9,Huddersfield,9
Preston,43,"Mon Apr 17, 2017",H,-9,Norwich City,9
Preston,44,"Mon Apr 24, 2017",A,-10,Newcastle,10
Preston,45,"Sat Apr 29, 2017",H,-11,Rotherham,11
Preston,46,"Sun May 7, 2017",A,-11,Wolves,11
Brentford,1,"Sat Aug 6, 2016",A,-10,Huddersfield,10
Brentford,2,"Sat Aug 13, 2016",H,-18,Ipswich,18
Brentford,3,"Tue Aug 16, 2016",H,-12,Nottm Forest,12
Brentford,4,"Sat Aug 20, 2016",A,-6,Rotherham,6
Brentford,5,"Sat Aug 27, 2016",H,-8,Sheffield Wednesday,8
Brentford,6,"Sat Sep 10, 2016",A,-14,Brighton & Hove Albion,14
Brentford,7,"Wed Sep 14, 2016",A,-8,Aston Villa,8
Brentford,8,"Sat Sep 17, 2016",H,-8,Preston,8
Brentford,9,"Sat Sep 24, 2016",A,-6,Wolves,6
Brentford,10,"Tue Sep 27, 2016",H,-9,Reading,9
Brentford,11,"Sat Oct 1, 2016",H,-5,Wigan Athletic,5
Brentford,12,"Sat Oct 15, 2016",A,-7,Newcastle,7
Brentford,13,"Tue Oct 18, 2016",A,-9,Derby,9
Brentford,14,"Sat Oct 22, 2016",H,-8,Barnsley,8
Brentford,15,"Fri Oct 28, 2016",A,-11,QPR,11
Brentford,16,"Fri Nov 4, 2016",H,-10,Fulham,10
Brentford,17,"Sat Nov 19, 2016",A,-12,Blackburn,12
Brentford,18,"Sat Nov 26, 2016",H,-14,Birmingham,14
Brentford,19,"Sat Dec 3, 2016",A,-16,Norwich City,16
Brentford,20,"Sat Dec 10, 2016",H,-18,Burton Albion,18
Brentford,21,"Tue Dec 13, 2016",A,-15,Bristol City,15
Brentford,22,"Sat Dec 17, 2016",A,-14,Leeds United,14
Brentford,23,"Mon Dec 26, 2016",H,-14,Cardiff,14
Brentford,24,"Sat Dec 31, 2016",H,-14,Norwich City,14
Brentford,25,"Mon Jan 2, 2017",A,-15,Birmingham,15
Brentford,26,"Sat Jan 14, 2017",H,-14,Newcastle,14
Brentford,27,"Sat Jan 21, 2017",A,-15,Wigan Athletic,15
Brentford,28,"Tue Feb 21, 2017",A,-15,Sheffield Wednesday,15
Brentford,29,"Tue Jan 31, 2017",H,-14,Aston Villa,14
Brentford,30,"Sun Feb 5, 2017",H,-12,Brighton & Hove Albion,12
Brentford,31,"Sat Feb 11, 2017",A,-12,Preston,12
Brentford,32,"Tue Feb 14, 2017",A,-12,Reading,12
Brentford,33,"Tue Mar 14, 2017",H,-13,Wolves,13
Brentford,34,"Sat Feb 25, 2017",H,-14,Rotherham,14
Brentford,35,"Sat Mar 4, 2017",A,-13,Ipswich,13
Brentford,36,"Tue Mar 7, 2017",A,-14,Nottm Forest,14
Brentford,37,"Sat Mar 11, 2017",H,-12,Huddersfield,12
Brentford,38,"Sat Mar 18, 2017",A,-14,Burton Albion,14
Brentford,39,"Sat Apr 1, 2017",H,-14,Bristol City,14
Brentford,40,"Tue Apr 4, 2017",H,-12,Leeds United,12
Brentford,41,"Sat Apr 8, 2017",A,-12,Cardiff,12
Brentford,42,"Fri Apr 14, 2017",H,-12,Derby,12
Brentford,43,"Mon Apr 17, 2017",A,-11,Barnsley,11
Brentford,44,"Sat Apr 22, 2017",H,-11,QPR,11
Brentford,45,"Sat Apr 29, 2017",A,-9,Fulham,9
Brentford,46,"Sun May 7, 2017",H,-10,Blackburn,10
Blackburn,,"Tue Sep 27, 2016",H,20,Sheffield Wednesday,20
Blackburn,17,"Sat Nov 19, 2016",H,-23,Brentford,23